ts,gpu_busy_pct,foreign_chromium_n,foreign_chromium_cpu_pct,my_chromium_n,my_chromium_cpu_pct,load1
10:39:32,0,8,-272.9,0,0.0,5.15
10:39:33,99,8,82.5,0,0.0,5.15
10:39:34,100,8,110.3,0,0.0,5.15
10:39:35,100,8,32.7,0,0.0,5.15
10:39:36,100,8,95.4,0,0.0,5.15
10:39:37,24,8,114.3,0,0.0,4.98
10:39:38,99,8,16.9,0,0.0,4.98
10:39:39,27,8,110.3,0,0.0,4.98
10:39:40,0,8,112.2,0,0.0,4.98
10:39:41,100,8,13.9,0,0.0,4.98
10:39:42,83,8,101.2,0,0.0,4.98
10:39:43,99,8,24.9,0,0.0,4.98
10:39:44,0,8,89.4,0,0.0,4.98
10:39:45,0,8,36.8,0,0.0,4.98
10:39:46,100,8,78.6,0,0.0,4.98
10:39:47,100,8,49.7,0,0.0,5.06
10:39:48,0,8,13.9,0,0.0,5.06
10:39:49,100,8,56.7,0,0.0,5.06
10:39:50,0,8,57.6,0,0.0,5.06
10:39:51,81,8,26.8,0,0.0,5.06
10:39:52,0,8,117.3,0,0.0,5.22
10:39:53,0,8,115.1,0,0.0,5.22
10:39:54,100,8,114.2,0,0.0,5.22
10:39:55,0,8,83.4,0,0.0,5.22
10:39:56,0,8,42.7,0,0.0,5.22
10:39:57,99,8,113.4,0,0.0,5.28
10:39:58,0,8,111.3,0,0.0,5.28
10:39:59,100,8,112.3,0,0.0,5.28
10:40:00,0,14,100.4,0,0.0,5.28
10:40:01,55,14,142.0,0,0.0,5.28
10:40:02,100,14,133.2,0,0.0,5.42
10:40:03,30,14,124.5,0,0.0,5.42
10:40:04,0,14,146.1,0,0.0,5.42
10:40:05,49,14,103.1,0,0.0,5.42
10:40:06,100,14,109.2,0,0.0,5.42
10:40:07,100,14,160.6,0,0.0,5.47
10:40:08,26,14,-207.1,0,0.0,5.47
10:40:09,0,14,140.9,0,0.0,5.47
10:40:10,100,14,155.1,0,0.0,5.47
10:40:11,0,14,36.7,0,0.0,5.47
10:40:12,100,14,130.2,0,0.0,5.51
10:40:14,55,14,144.0,0,0.0,5.51
10:40:15,0,14,54.6,0,0.0,5.51
10:40:16,24,14,169.4,0,0.0,5.51
10:40:17,0,8,-304.8,0,0.0,5.51
10:40:18,100,8,98.4,0,0.0,5.55
10:40:19,100,8,27.8,0,0.0,5.55
10:40:20,0,14,187.8,0,0.0,5.55
10:40:21,100,14,70.6,0,0.0,5.55
10:40:22,0,14,22.8,0,0.0,5.55
10:40:23,0,14,117.3,0,0.0,5.43
10:40:24,0,14,121.6,0,0.0,5.43
10:40:25,99,14,53.7,0,0.0,5.43
10:40:26,100,14,138.1,0,0.0,5.43
10:40:27,0,8,-194.7,0,0.0,5.43
10:40:28,100,8,116.3,0,0.0,5.47
10:40:29,33,8,91.3,0,0.0,5.47
10:40:30,100,14,41.8,0,0.0,5.47
10:40:31,22,14,222.0,0,0.0,5.47
10:40:32,0,14,124.1,0,0.0,5.47
10:40:33,0,14,140.1,0,0.0,5.67
10:40:34,0,14,123.2,0,0.0,5.67
10:40:35,0,14,74.6,0,0.0,5.67
10:40:36,0,14,173.8,0,0.0,5.67
10:40:37,0,14,149.0,0,0.0,5.67
10:40:38,99,8,-180.0,0,0.0,5.86
10:40:39,100,8,62.7,0,0.0,5.86
10:40:40,0,8,67.5,0,0.0,5.86
10:40:41,0,14,151.1,0,0.0,5.86
10:40:42,0,14,137.2,0,0.0,5.86
10:40:43,29,14,91.5,0,0.0,5.71
10:40:44,0,14,124.2,0,0.0,5.71
10:40:45,0,14,64.6,0,0.0,5.71
10:40:46,0,14,120.4,0,0.0,5.71
10:40:47,0,14,159.0,0,0.0,5.71
10:40:48,0,14,57.7,0,0.0,5.65
10:40:49,0,8,-175.7,0,0.0,5.65
10:40:50,0,13,21.9,2,8.0,5.65
10:40:51,99,13,115.4,2,1.0,5.65
10:40:52,0,19,108.3,2,0.0,5.65
10:40:53,0,19,405.1,2,0.0,6.56
10:40:54,0,19,376.9,2,0.0,6.56
10:40:55,0,19,370.7,2,0.0,6.56
10:40:56,0,19,391.8,2,1.0,6.56
10:40:57,0,14,-1184.5,1,-6.0,6.56
10:40:58,0,19,68.5,2,6.0,6.76
10:40:59,0,13,-111.3,2,0.0,6.76
10:41:00,0,13,113.2,2,0.0,6.76
10:41:01,0,13,216.8,2,0.0,6.76
10:41:02,0,8,-102.4,1,-5.0,6.76
10:41:03,15,14,216.7,0,-5.0,6.62
10:41:04,99,14,126.2,0,0.0,6.62
10:41:05,66,14,101.3,0,0.0,6.62
10:41:06,0,14,79.5,0,0.0,6.62
10:41:07,0,14,164.1,0,0.0,6.62
10:41:08,0,14,138.2,0,0.0,6.41
10:41:09,0,14,98.4,0,0.0,6.41
10:41:10,0,8,-217.7,0,0.0,6.41
10:41:11,0,8,105.3,0,0.0,6.41
10:41:12,0,8,109.3,0,0.0,6.41
10:41:13,0,14,68.5,0,0.0,6.29
10:41:14,0,14,265.4,0,0.0,6.29
10:41:15,0,14,264.1,0,0.0,6.29
10:41:16,0,14,114.1,0,0.0,6.29
10:41:17,99,14,185.9,0,0.0,6.29
10:41:18,0,14,100.3,0,0.0,6.35
10:41:19,0,14,962.8,0,0.0,6.35
10:41:20,0,14,767.8,0,0.0,6.35
10:41:21,48,8,-2025.2,0,0.0,6.35
10:41:22,0,8,94.4,0,0.0,6.35
10:41:23,0,8,107.3,0,0.0,6.32
10:41:24,0,12,110.5,0,0.0,6.32
10:41:25,17,14,383.4,0,0.0,6.32
10:41:26,0,14,209.5,0,0.0,6.32
10:41:27,99,14,154.1,0,0.0,6.32
10:41:28,0,14,671.2,0,0.0,6.54
10:41:29,0,14,659.6,0,0.0,6.54
10:41:30,99,14,789.7,0,0.0,6.54
10:41:31,0,14,766.2,0,0.0,6.54
10:41:32,99,8,-2989.9,0,0.0,6.54
10:41:33,0,8,3.0,0,0.0,6.41
10:41:34,0,8,6.0,0,0.0,6.41
10:41:35,0,14,15.9,0,0.0,6.41
10:41:36,0,14,185.9,0,0.0,6.41
10:41:37,24,14,165.0,0,0.0,6.41
10:41:38,32,14,240.4,0,0.0,6.94
10:41:39,22,14,6.9,0,0.0,6.94
10:41:40,38,14,450.4,0,0.0,6.94
10:41:41,51,14,775.8,0,0.0,6.94
10:41:42,100,14,624.8,0,0.0,6.94
10:41:43,0,14,662.4,0,0.0,6.87
10:41:44,0,15,810.7,0,0.0,6.87
10:41:45,0,8,-3881.1,0,0.0,6.87
10:41:46,0,8,5.0,0,0.0,6.87
10:41:47,95,8,2.0,0,0.0,6.56
10:41:48,0,8,3.0,0,0.0,6.56
10:41:49,48,8,5.0,0,0.0,6.56
10:41:50,0,8,3.0,0,0.0,6.56
10:41:51,0,8,3.0,0,0.0,6.56
10:41:52,99,8,7.0,0,0.0,6.59
10:41:53,0,8,5.0,0,0.0,6.59
10:41:54,0,8,7.9,0,0.0,6.59
10:41:55,0,8,6.9,0,0.0,6.59
10:41:56,100,8,6.0,0,0.0,6.59
10:41:57,14,8,8.9,0,0.0,6.62
10:41:58,0,8,6.0,0,0.0,6.62
10:41:59,86,8,6.0,0,0.0,6.62
10:42:00,0,8,8.9,0,0.0,6.62
10:42:01,0,8,7.0,0,0.0,6.62
10:42:02,0,8,6.0,0,0.0,6.73
10:42:03,80,8,8.0,0,0.0,6.73
10:42:04,0,2,-18404.8,0,0.0,6.73
10:42:05,0,8,67.6,0,0.0,6.73
10:42:06,100,8,53.4,0,0.0,6.73
10:42:07,0,8,14.9,0,0.0,6.68
10:42:08,21,8,24.9,0,0.0,6.68
10:42:09,0,8,18.9,0,0.0,6.68
10:42:10,0,8,9.9,0,0.0,6.68
10:42:11,0,8,16.9,0,0.0,6.68
10:42:12,0,8,46.7,0,0.0,7.02
10:42:13,25,8,26.8,0,0.0,7.02
10:42:14,0,8,20.9,0,0.0,7.02
10:42:15,0,8,28.8,0,0.0,7.02
10:42:16,0,8,12.9,0,0.0,7.02
10:42:17,0,8,13.9,0,0.0,7.26
10:42:18,0,8,-342.6,0,0.0,7.26
10:42:19,0,8,59.6,0,0.0,7.26
10:42:20,0,8,44.7,0,0.0,7.26
10:42:21,0,8,7.9,0,0.0,7.26
10:42:22,0,8,6.0,0,0.0,7.16
10:42:23,86,8,1.0,0,0.0,7.16
10:42:24,0,8,15.9,0,0.0,7.16
10:42:25,0,8,8.9,0,0.0,7.16
10:42:27,0,8,11.9,0,0.0,7.16
10:42:28,40,8,18.8,0,0.0,7.15
10:42:29,0,8,7.9,0,0.0,7.15
10:42:30,100,10,4.0,0,0.0,7.15
10:42:31,0,8,-186.7,0,0.0,7.15
10:42:32,0,8,90.9,0,0.0,7.15
10:42:33,0,8,2.0,0,0.0,7.54
10:42:34,0,8,4.0,0,0.0,7.54
10:42:35,0,8,48.7,0,0.0,7.54
10:42:36,0,8,20.8,0,0.0,7.54
10:42:37,0,8,29.8,0,0.0,7.54
10:42:38,21,8,51.6,0,0.0,7.41
10:42:39,0,8,29.8,0,0.0,7.41
10:42:40,0,8,22.9,0,0.0,7.41
10:42:41,0,8,46.7,0,0.0,7.41
10:42:42,0,8,36.8,0,0.0,7.41
10:42:43,0,8,38.8,0,0.0,7.70
10:42:44,0,3,-434.5,0,0.0,7.70
10:42:45,99,8,36.8,0,0.0,7.70
10:42:46,0,8,39.2,0,0.0,7.70
10:42:47,0,8,48.6,0,0.0,7.70
10:42:48,99,8,4.0,0,0.0,7.56
10:42:49,99,8,3.0,0,0.0,7.56
10:42:50,18,8,20.7,0,0.0,7.56
10:42:51,99,8,15.9,0,0.0,7.56
10:42:52,26,8,34.7,0,0.0,7.56
10:42:53,29,8,50.6,0,0.0,7.68
10:42:54,99,8,63.6,0,0.0,7.68
10:42:55,0,8,36.7,0,0.0,7.68
10:42:56,0,8,27.8,0,0.0,7.68
10:42:57,0,8,-325.4,0,0.0,7.68
10:42:58,0,8,43.7,0,0.0,7.70
10:42:59,0,8,24.8,0,0.0,7.70
10:43:00,0,8,38.8,0,0.0,7.70
10:43:01,0,8,29.8,0,0.0,7.70
10:43:02,100,8,2.0,0,0.0,7.70
10:43:03,0,8,31.8,0,0.0,7.41
10:43:04,0,8,16.9,0,0.0,7.41
10:43:05,100,8,11.9,0,0.0,7.41
10:43:06,0,8,41.8,0,0.0,7.41
10:43:07,0,8,23.8,0,0.0,7.41
10:43:08,0,8,17.9,0,0.0,7.14
10:43:09,0,8,-279.8,0,0.0,7.14
10:43:10,0,8,39.8,0,0.0,7.14
10:43:11,13,8,33.7,0,0.0,7.14
10:43:12,0,8,12.9,0,0.0,7.14
10:43:13,0,8,20.9,0,0.0,7.28
10:43:14,0,8,32.2,0,0.0,7.28
10:43:15,0,8,30.4,0,0.0,7.28
10:43:16,0,8,33.8,0,0.0,7.28
10:43:17,0,8,17.9,0,0.0,7.28
10:43:18,0,8,11.9,0,0.0,7.18
10:43:19,0,8,16.9,0,0.0,7.18
10:43:20,0,8,14.9,0,0.0,7.18
10:43:21,0,8,28.8,0,0.0,7.18
10:43:22,0,2,-350.4,0,0.0,7.18
10:43:23,0,2,0.0,0,0.0,7.01
10:43:24,99,8,69.2,0,0.0,7.01
10:43:25,0,13,54.6,2,8.9,7.01
10:43:26,0,13,39.8,2,0.0,7.01
10:43:27,0,13,40.6,2,1.0,7.01
10:43:28,0,13,213.7,2,0.0,8.13
10:43:29,0,13,368.5,2,0.0,8.13
10:43:30,0,13,350.1,2,0.0,8.13
10:43:31,0,13,374.4,2,0.0,8.13
10:43:32,0,8,-1193.4,1,-4.0,8.13
10:43:33,99,8,12.9,0,-6.0,8.04
10:43:34,0,8,22.6,0,0.0,8.04
10:43:35,0,8,31.7,0,0.0,8.04
10:43:36,18,8,19.8,0,0.0,8.04
10:43:37,11,11,-394.2,0,0.0,8.04
10:43:38,0,11,77.4,0,0.0,7.95
10:43:39,100,11,37.7,0,0.0,7.95
10:43:40,0,11,5.0,0,0.0,7.95
10:43:41,0,11,4.0,0,0.0,7.95
10:43:42,0,8,-8.9,0,0.0,7.95
10:43:43,94,8,22.8,0,0.0,7.80
10:43:44,0,8,27.8,0,0.0,7.80
10:43:45,0,8,25.8,0,0.0,7.80
10:43:46,0,8,18.9,0,0.0,7.80
10:43:47,0,8,0.0,0,0.0,7.80
10:43:48,0,8,-179.0,0,0.0,7.49
10:43:49,0,8,53.4,0,0.0,7.49
10:43:50,0,14,81.4,0,0.0,7.49
10:43:51,0,14,125.3,0,0.0,7.49
10:43:52,0,14,49.7,0,0.0,7.53
10:43:53,100,14,-89.5,0,0.0,7.53
10:43:54,0,14,96.3,0,0.0,7.53
10:43:55,95,14,55.6,0,0.0,7.53
10:43:56,25,8,-181.9,0,0.0,7.53
10:43:57,24,8,38.7,0,0.0,7.41
10:43:58,0,8,19.9,0,0.0,7.41
10:43:59,0,8,12.9,0,0.0,7.41
10:44:00,0,2,-312.3,0,0.0,7.41
10:44:01,0,8,100.4,0,0.0,7.41
10:44:02,0,8,12.9,0,0.0,7.46
10:44:03,0,8,-99.4,0,0.0,7.46
10:44:04,0,8,94.3,0,0.0,7.46
10:44:05,14,8,18.9,0,0.0,7.46
10:44:06,0,8,28.8,0,0.0,7.46
10:44:07,79,8,12.9,0,0.0,7.34
10:44:08,0,8,15.9,0,0.0,7.34
10:44:09,0,8,14.9,0,0.0,7.34
10:44:10,0,14,35.8,0,0.0,7.34
10:44:11,0,8,3.0,0,0.0,7.34
10:44:12,0,8,17.9,0,0.0,7.07
10:44:13,0,8,24.9,0,0.0,7.07
10:44:14,0,8,13.9,0,0.0,7.07
10:44:15,0,8,16.9,0,0.0,7.07
10:44:16,0,8,18.9,0,0.0,7.07
10:44:17,0,8,10.0,0,0.0,6.67
10:44:18,0,8,-202.6,0,0.0,6.67
10:44:19,0,8,16.9,0,0.0,6.67
10:44:20,0,8,14.9,0,0.0,6.67
10:44:21,97,8,12.9,0,0.0,6.67
10:44:22,0,8,18.9,0,0.0,6.45
10:44:23,0,8,23.9,0,0.0,6.45
10:44:24,100,8,28.8,0,0.0,6.45
10:44:25,0,8,11.9,0,0.0,6.45
10:44:26,0,8,13.9,0,0.0,6.45
10:44:27,0,8,2.0,0,0.0,6.26
10:44:28,99,8,21.9,0,0.0,6.26
10:44:29,0,8,26.8,0,0.0,6.26
10:44:30,0,8,17.9,0,0.0,6.26
10:44:31,100,8,8.0,0,0.0,6.26
10:44:32,0,8,-343.5,0,0.0,6.08
10:44:34,0,8,20.8,0,0.0,6.08
10:44:35,0,8,74.4,0,0.0,6.08
10:44:36,13,8,4.0,0,0.0,6.08
10:44:37,0,8,12.9,0,0.0,6.08
10:44:38,0,8,10.9,0,0.0,5.83
10:44:39,94,8,25.8,0,0.0,5.83
10:44:40,0,8,13.9,0,0.0,5.83
10:44:41,21,16,14.9,0,0.0,5.83
10:44:42,0,8,-3.0,0,0.0,5.83
10:44:43,0,8,6.0,0,0.0,5.84
10:44:44,99,8,0.0,0,0.0,5.84
10:44:45,0,8,14.9,0,0.0,5.84
10:44:46,0,8,26.8,0,0.0,5.84
10:44:47,27,8,19.9,0,0.0,5.84
10:44:48,0,9,25.8,0,0.0,6.02
10:44:49,0,9,13.9,0,0.0,6.02
10:44:50,0,9,-241.1,0,0.0,6.02
10:44:51,0,9,57.7,0,0.0,6.02
10:44:52,0,9,35.2,0,0.0,6.02
10:44:53,0,9,9.0,0,0.0,6.09
10:44:54,0,9,33.8,0,0.0,6.09
10:44:55,0,9,15.9,0,0.0,6.09
10:44:56,0,9,7.9,0,0.0,6.09
10:44:57,100,9,12.9,0,0.0,6.09
10:44:58,0,8,7.0,0,0.0,5.85
10:44:59,15,8,9.9,0,0.0,5.85
10:45:00,100,8,6.0,0,0.0,5.85
10:45:01,0,8,21.9,0,0.0,5.85
10:45:02,0,8,20.8,0,0.0,5.85
10:45:03,0,8,15.9,0,0.0,5.70
10:45:04,0,8,8.0,0,0.0,5.70
10:45:05,0,8,15.9,0,0.0,5.70
10:45:06,0,8,8.9,0,0.0,5.70
10:45:07,0,14,-176.0,0,0.0,5.70
10:45:08,0,14,63.6,0,0.0,5.72
10:45:09,0,15,8.9,0,0.0,5.72
10:45:10,0,15,6.0,0,0.0,5.72
10:45:11,0,15,9.9,0,0.0,5.72
10:45:12,0,15,13.9,0,0.0,5.72
10:45:13,0,15,11.9,0,0.0,5.58
10:45:14,0,15,17.9,0,0.0,5.58
10:45:15,0,15,17.9,0,0.0,5.58
10:45:16,0,15,8.0,0,0.0,5.58
10:45:17,0,9,-162.0,0,0.0,5.58
10:45:18,0,14,59.6,0,0.0,5.46
10:45:19,0,8,-117.4,0,0.0,5.46
10:45:20,0,8,2.0,0,0.0,5.46
10:45:21,0,8,2.0,0,0.0,5.46
10:45:22,0,8,3.0,0,0.0,5.46
10:45:23,0,9,2.0,0,0.0,5.26
10:45:24,0,9,4.0,0,0.0,5.26
10:45:25,0,9,0.0,0,0.0,5.26
10:45:26,0,9,2.0,0,0.0,5.26
10:45:27,0,9,2.0,0,0.0,5.26
10:45:28,0,9,2.0,0,0.0,5.24
10:45:29,0,8,4.0,0,0.0,5.24
10:45:30,0,11,6.0,0,0.0,5.24
10:45:31,0,8,11.9,0,0.0,5.24
10:45:32,0,8,3.0,0,0.0,5.24
10:45:33,0,8,1.0,0,0.0,5.06
10:45:34,0,8,-83.5,0,0.0,5.06
10:45:35,0,9,25.8,0,0.0,5.06
10:45:36,0,10,13.9,0,0.0,5.06
10:45:37,0,9,9.9,0,0.0,5.06
10:45:38,0,9,15.9,0,0.0,4.89
10:45:39,0,9,27.9,0,0.0,4.89
10:45:40,0,9,1.0,0,0.0,4.89
10:45:41,0,9,2.0,0,0.0,4.89
10:45:42,0,9,2.0,0,0.0,4.89
10:45:43,0,9,1.0,0,0.0,4.66
10:45:44,0,9,1.0,0,0.0,4.66
10:45:45,80,9,2.0,0,0.0,4.66
10:45:46,0,9,1.0,0,0.0,4.66
10:45:47,0,9,2.0,0,0.0,4.66
10:45:48,0,9,1.0,0,0.0,4.45
10:45:49,0,9,4.0,0,0.0,4.45
10:45:50,0,9,10.9,0,0.0,4.45
10:45:51,0,9,0.0,0,0.0,4.45
10:45:52,0,9,1.0,0,0.0,4.45
10:45:53,0,9,2.0,0,0.0,4.33
10:45:54,0,15,-158.1,0,0.0,4.33
10:45:55,0,15,0.0,0,0.0,4.33
10:45:56,99,15,3.0,0,0.0,4.33
10:45:57,0,15,0.0,0,0.0,4.33
10:45:58,0,15,4.0,0,0.0,4.23
10:45:59,23,15,3.0,0,0.0,4.23
10:46:00,100,15,43.7,0,0.0,4.23
10:46:01,0,15,44.6,0,0.0,4.23
10:46:02,0,15,26.8,0,0.0,4.23
10:46:03,0,15,25.9,0,0.0,4.45
10:46:04,90,15,35.8,0,0.0,4.45
10:46:05,0,15,46.7,0,0.0,4.45
10:46:06,0,15,22.8,0,0.0,4.45
10:46:07,0,16,69.6,0,0.0,4.45
10:46:08,0,16,108.3,0,0.0,4.33
10:46:09,0,16,105.4,0,0.0,4.33
10:46:10,0,16,125.2,0,0.0,4.33
10:46:11,0,16,115.2,0,0.0,4.33
10:46:12,0,22,119.2,0,0.0,4.33
10:46:13,0,22,111.2,0,0.0,4.39
10:46:14,0,22,108.2,0,0.0,4.39
10:46:15,0,16,-81.4,0,0.0,4.39
10:46:16,0,10,-63.6,0,0.0,4.39
10:46:17,0,16,122.2,0,0.0,4.39
10:46:18,99,16,104.3,0,0.0,4.44
10:46:19,99,16,114.2,0,0.0,4.44
10:46:20,0,16,114.1,0,0.0,4.44
10:46:21,0,16,132.0,0,0.0,4.44
10:46:22,0,16,115.2,0,0.0,4.44
10:46:23,0,16,133.2,0,0.0,4.40
10:46:24,0,16,149.1,0,0.0,4.40
10:46:25,0,22,222.5,0,0.0,4.40
10:46:26,0,22,208.7,0,0.0,4.40
10:46:27,0,22,194.7,0,0.0,4.40
10:46:28,0,22,7.0,0,0.0,4.45
10:46:29,0,22,232.0,0,0.0,4.45
10:46:30,0,22,200.6,0,0.0,4.45
10:46:31,0,22,175.6,0,0.0,4.45
10:46:32,0,22,213.3,0,0.0,4.57
10:46:33,0,22,163.8,0,0.0,4.57
10:46:34,0,22,87.5,0,0.0,4.57
10:46:35,0,22,268.3,0,0.0,4.57
10:46:36,0,22,165.7,0,0.0,4.57
10:46:37,0,22,174.9,0,0.0,4.61
10:46:38,0,22,112.2,0,0.0,4.61
10:46:39,99,22,99.4,0,0.0,4.61
10:46:40,20,22,298.0,0,0.0,4.61
10:46:41,53,22,237.4,0,0.0,4.61
10:46:42,0,22,127.2,0,0.0,4.48
10:46:43,0,17,81.4,0,0.0,4.48
10:46:44,100,22,272.2,0,0.0,4.48
10:46:45,0,22,165.8,0,0.0,4.48
10:46:46,34,22,210.7,0,0.0,4.48
10:46:47,0,22,212.6,0,0.0,4.52
10:46:48,0,22,23.8,0,0.0,4.52
10:46:49,99,22,258.3,0,0.0,4.52
10:46:50,32,22,238.3,0,0.0,4.52
10:46:51,0,22,143.1,0,0.0,4.52
10:46:52,0,22,218.7,0,0.0,5.04
10:46:53,0,16,69.5,0,0.0,5.04
10:46:54,0,10,-67.6,0,0.0,5.04
10:46:55,0,10,210.7,0,0.0,5.04
10:46:56,0,10,175.0,0,0.0,5.04
10:46:57,0,16,215.4,0,0.0,5.20
10:46:58,0,16,258.2,0,0.0,5.20
10:46:59,0,16,163.7,0,0.0,5.20
10:47:00,0,16,167.9,0,0.0,5.20
10:47:01,0,16,218.4,0,0.0,5.20
10:47:02,0,16,149.0,0,0.0,5.02
10:47:03,19,16,183.9,0,0.0,5.02
10:47:04,100,16,237.5,0,0.0,5.02
10:47:05,0,16,140.0,0,0.0,5.02
10:47:06,31,14,-5766.4,0,0.0,5.02
10:47:07,0,14,141.9,0,0.0,5.26
10:47:09,0,20,38.7,0,0.0,5.26
10:47:10,0,20,67.6,0,0.0,5.26
10:47:11,0,20,48.7,0,0.0,5.26
10:47:12,0,20,4.0,0,0.0,5.26
10:47:13,0,20,8.9,0,0.0,5.00
10:47:14,0,14,-181.9,0,0.0,5.00
10:47:15,0,14,41.8,0,0.0,5.00
10:47:16,0,20,90.2,0,0.0,5.00
10:47:17,0,20,66.6,0,0.0,5.00
10:47:18,0,20,42.8,0,0.0,4.76
10:47:19,6,20,12.9,0,0.0,4.76
10:47:20,99,20,34.8,0,0.0,4.76
10:47:21,0,20,39.8,0,0.0,4.76
10:47:22,0,20,31.8,0,0.0,4.76
10:47:23,0,20,73.5,0,0.0,4.70
10:47:24,0,20,123.3,0,0.0,4.70
10:47:25,0,20,121.1,0,0.0,4.70
10:47:26,0,20,114.2,0,0.0,4.70
10:47:27,82,20,102.2,0,0.0,4.70
10:47:28,0,20,104.1,0,0.0,4.88
10:47:29,0,20,-159.1,0,0.0,4.88
10:47:30,0,20,119.2,0,0.0,4.88
10:47:31,100,20,124.2,0,0.0,4.88
10:47:32,0,20,64.5,0,0.0,4.88
10:47:33,47,20,93.5,0,0.0,4.81
10:47:34,0,20,120.3,0,0.0,4.81
10:47:35,99,20,-31.8,0,0.0,4.81
10:47:36,0,20,153.9,0,0.0,4.81
10:47:37,0,20,58.5,0,0.0,4.81
10:47:38,0,20,118.1,0,0.0,4.83
10:47:39,0,20,127.2,0,0.0,4.83
10:47:40,0,20,46.7,0,0.0,4.83
10:47:41,19,20,127.1,0,0.0,4.83
10:47:42,0,20,118.2,0,0.0,4.83
10:47:43,0,20,13.9,0,0.0,4.60
10:47:44,0,20,114.3,0,0.0,4.60
10:47:45,0,20,129.1,0,0.0,4.60
10:47:46,0,20,59.7,0,0.0,4.60
10:47:47,28,20,-156.9,0,0.0,4.60
10:47:48,0,20,110.3,0,0.0,4.63
10:47:49,0,20,103.2,0,0.0,4.63
10:47:50,99,20,68.6,0,0.0,4.63
10:47:51,32,20,123.1,0,0.0,4.63
10:47:52,0,20,62.6,0,0.0,4.63
10:47:53,0,20,15.9,0,0.0,4.58
10:47:54,0,20,-192.6,0,0.0,4.58
10:47:55,0,20,98.3,0,0.0,4.58
10:47:56,42,20,63.6,0,0.0,4.58
10:47:57,0,20,143.9,0,0.0,4.58
10:47:58,0,20,122.3,0,0.0,4.77
10:47:59,0,20,130.1,0,0.0,4.77
10:48:00,0,20,88.5,0,0.0,4.77
10:48:01,0,20,60.7,0,0.0,4.77
10:48:02,0,20,150.1,0,0.0,4.77
10:48:03,50,20,125.3,0,0.0,4.71
10:48:04,24,20,120.3,0,0.0,4.71
10:48:05,0,20,68.6,0,0.0,4.71
10:48:06,100,20,-124.3,0,0.0,4.71
10:48:07,0,20,137.2,0,0.0,4.71
10:48:08,96,20,119.0,0,0.0,4.74
10:48:09,0,20,117.2,0,0.0,4.74
10:48:10,0,20,84.4,0,0.0,4.74
10:48:11,0,20,104.7,0,0.0,4.74
10:48:12,0,20,135.2,0,0.0,4.74
10:48:13,99,20,49.6,0,0.0,4.52
10:48:14,0,20,99.4,0,0.0,4.52
10:48:15,100,20,118.1,0,0.0,4.52
10:48:16,0,20,32.7,0,0.0,4.52
10:48:17,0,20,119.3,0,0.0,4.52
10:48:18,0,20,135.0,0,0.0,4.56
10:48:19,21,20,-165.0,0,0.0,4.56
10:48:20,0,20,122.0,0,0.0,4.56
10:48:21,0,20,32.8,0,0.0,4.56
10:48:22,0,20,94.5,0,0.0,4.56
10:48:23,0,20,55.7,0,0.0,4.59
10:48:24,0,20,-162.1,0,0.0,4.59
10:48:25,0,20,133.2,0,0.0,4.59
10:48:26,0,20,15.9,0,0.0,4.59
10:48:27,100,20,56.7,0,0.0,4.59
10:48:28,0,20,79.5,0,0.0,4.38
10:48:29,0,20,46.7,0,0.0,4.38
10:48:30,0,20,122.3,0,0.0,4.38
10:48:31,0,20,113.2,0,0.0,4.38
10:48:32,0,20,134.1,0,0.0,4.38
10:48:33,0,20,90.5,0,0.0,4.35
10:48:34,0,20,50.7,0,0.0,4.35
10:48:35,99,20,132.2,0,0.0,4.35
10:48:36,0,20,111.1,0,0.0,4.35
10:48:37,99,20,126.1,0,0.0,4.35
10:48:38,0,20,73.5,0,0.0,4.24
10:48:39,0,20,63.6,0,0.0,4.24
10:48:40,0,20,118.3,0,0.0,4.24
10:48:41,0,20,112.3,0,0.0,4.24
10:48:42,0,20,111.3,0,0.0,4.24
10:48:43,100,20,-37.8,0,0.0,4.39
10:48:44,0,20,-78.4,0,0.0,4.39
10:48:45,0,20,122.3,0,0.0,4.39
10:48:46,0,20,50.7,0,0.0,4.39
10:48:47,0,20,93.4,0,0.0,4.39
10:48:48,25,20,116.1,0,0.0,4.27
10:48:49,0,20,52.6,0,0.0,4.27
10:48:50,99,20,109.2,0,0.0,4.27
10:48:51,35,20,118.1,0,0.0,4.27
10:48:52,70,20,19.9,0,0.0,4.27
10:48:53,0,20,109.2,0,0.0,4.41
10:48:54,0,20,15.9,0,0.0,4.41
10:48:55,0,20,105.2,0,0.0,4.41
10:48:56,25,20,41.7,0,0.0,4.41
10:48:57,0,20,91.4,0,0.0,4.41
10:48:58,72,20,36.8,0,0.0,4.22
10:48:59,0,20,34.7,0,0.0,4.22
10:49:00,0,20,59.6,0,0.0,4.22
10:49:01,58,14,-123.2,0,0.0,4.22
10:49:02,63,14,11.9,0,0.0,4.22
10:49:03,35,14,125.4,0,0.0,4.36
10:49:04,0,14,117.3,0,0.0,4.36
10:49:05,0,14,115.3,0,0.0,4.36
10:49:06,0,14,100.4,0,0.0,4.36
10:49:07,0,14,30.8,0,0.0,4.33
10:49:08,0,20,165.0,0,0.0,4.33
10:49:09,0,20,179.9,0,0.0,4.33
10:49:10,0,20,125.0,0,0.0,4.33
10:49:11,0,20,92.2,0,0.0,4.33
10:49:12,0,18,-41.8,0,0.0,4.23
10:49:13,0,20,147.8,0,0.0,4.23
10:49:14,0,20,146.9,0,0.0,4.23
10:49:15,0,20,156.9,0,0.0,4.23
10:49:16,0,20,75.5,0,0.0,4.23
10:49:17,39,20,64.6,0,0.0,4.21
10:49:18,16,14,-1.0,0,0.0,4.21
10:49:19,0,20,95.4,0,0.0,4.21
10:49:20,0,20,99.3,0,0.0,4.21
10:49:21,0,20,137.6,0,0.0,4.21
10:49:22,0,20,78.3,0,0.0,4.11
10:49:23,0,20,88.4,0,0.0,4.11
10:49:24,0,20,118.2,0,0.0,4.11
10:49:25,0,20,-74.5,0,0.0,4.11
10:49:26,97,20,100.2,0,0.0,4.11
10:49:27,74,20,19.9,0,0.0,4.02
10:49:28,0,20,114.1,0,0.0,4.02
10:49:29,0,20,13.9,0,0.0,4.02
10:49:30,0,20,109.2,0,0.0,4.02
10:49:31,99,20,25.8,0,0.0,4.02
10:49:32,0,20,36.7,0,0.0,3.86
10:49:33,0,20,67.6,0,0.0,3.86
10:49:34,0,20,108.3,0,0.0,3.86
10:49:35,0,20,61.6,0,0.0,3.86
10:49:36,0,20,126.3,0,0.0,3.86
10:49:38,0,20,112.4,0,0.0,3.87
10:49:39,0,20,-45.8,0,0.0,3.87
10:49:40,0,20,172.8,0,0.0,3.87
10:49:41,0,20,110.4,0,0.0,3.87
10:49:42,0,20,46.8,0,0.0,3.87
10:49:43,0,20,89.4,0,0.0,4.44
10:49:44,0,20,102.3,0,0.0,4.44
10:49:45,37,20,-138.2,0,0.0,4.44
10:49:46,0,14,31.8,0,0.0,4.44
10:49:47,28,14,115.0,0,0.0,4.44
10:49:48,43,14,68.6,0,0.0,4.49
10:49:49,99,14,53.6,0,0.0,4.49
10:49:50,0,14,116.2,0,0.0,4.49
10:49:51,23,14,114.3,0,0.0,4.49
10:49:52,0,14,54.6,0,0.0,4.49
10:49:53,29,14,73.6,0,0.0,4.37
10:49:54,30,14,109.3,0,0.0,4.37
10:49:55,25,14,108.2,0,0.0,4.37
10:49:56,100,14,47.7,0,0.0,4.37
10:49:57,26,14,93.3,0,0.0,4.37
10:49:58,0,14,111.3,0,0.0,4.34
10:49:59,0,14,112.3,0,0.0,4.34
10:50:00,0,14,29.8,0,0.0,4.34
10:50:01,0,14,105.4,0,0.0,4.34
10:50:02,0,14,107.4,0,0.0,4.34
10:50:03,0,14,107.4,0,0.0,4.15
10:50:04,95,14,26.8,0,0.0,4.15
10:50:05,0,14,106.4,0,0.0,4.15
10:50:06,22,14,108.2,0,0.0,4.15
10:50:07,99,14,109.4,0,0.0,4.15
10:50:08,0,14,3.0,0,0.0,4.14
10:50:09,0,14,8.0,0,0.0,4.14
10:50:10,99,14,3.0,0,0.0,4.14
10:50:11,0,14,7.9,0,0.0,4.14
10:50:12,0,14,3.0,0,0.0,4.14
10:50:13,100,14,2.0,0,0.0,3.97
10:50:14,0,14,7.9,0,0.0,3.97
10:50:15,0,15,12.9,0,0.0,3.97
10:50:16,0,15,18.9,0,0.0,3.97
10:50:17,18,14,-4.0,0,0.0,3.97
10:50:18,81,20,105.2,0,0.0,4.21
10:50:19,22,20,19.8,0,0.0,4.21
10:50:20,27,20,6.0,0,0.0,4.21
10:50:21,0,20,-99.3,0,0.0,4.21
10:50:22,0,20,101.4,0,0.0,4.21
10:50:23,24,20,29.8,0,0.0,4.11
10:50:24,0,20,11.9,0,0.0,4.11
10:50:25,0,20,-55.6,0,0.0,4.11
10:50:26,0,20,44.7,0,0.0,4.11
10:50:27,35,20,13.9,0,0.0,4.11
10:50:28,0,20,5.0,0,0.0,3.94
10:50:29,100,20,6.0,0,0.0,3.94
10:50:30,0,20,20.7,0,0.0,3.94
10:50:31,0,20,7.0,0,0.0,3.94
10:50:32,20,20,13.9,0,0.0,3.94
10:50:33,21,20,-12.9,0,0.0,3.95
10:50:34,98,20,19.9,0,0.0,3.95
10:50:35,93,20,24.8,0,0.0,3.95
10:50:36,0,20,-100.3,0,0.0,3.95
10:50:37,99,20,102.4,0,0.0,3.95
10:50:38,0,20,9.9,0,0.0,3.95
10:50:39,0,20,17.9,0,0.0,3.95
10:50:40,28,14,-107.4,0,0.0,3.95
10:50:41,26,14,111.2,0,0.0,3.95
10:50:42,24,14,114.3,0,0.0,3.95
10:50:43,0,14,16.9,0,0.0,3.96
10:50:44,27,14,124.1,0,0.0,3.96
10:50:45,0,14,-214.5,0,0.0,3.96
10:50:46,21,14,80.5,0,0.0,3.96
10:50:47,100,14,133.1,0,0.0,3.96
10:50:48,100,14,96.2,0,0.0,3.96
10:50:49,0,14,41.7,0,0.0,3.96
10:50:50,100,14,122.1,0,0.0,3.96
10:50:51,0,14,110.1,0,0.0,3.96
10:50:52,100,14,46.7,0,0.0,3.96
10:50:53,100,14,137.9,0,0.0,3.88
10:50:54,100,14,107.1,0,0.0,3.88
10:50:55,0,14,93.3,0,0.0,3.88
10:50:56,100,14,123.1,0,0.0,3.88
10:50:57,62,14,-168.7,0,0.0,3.88
10:50:58,99,14,78.4,0,0.0,3.97
10:50:59,0,14,119.3,0,0.0,3.97
10:51:00,52,14,125.0,0,0.0,3.97
10:51:01,100,14,28.8,0,0.0,3.97
10:51:02,0,14,139.0,0,0.0,3.97
10:51:03,100,14,117.3,0,0.0,3.89
10:51:04,100,14,47.7,0,0.0,3.89
10:51:05,0,14,121.0,0,0.0,3.89
10:51:06,89,14,82.4,0,0.0,3.89
10:51:07,25,14,56.5,0,0.0,3.89
10:51:08,100,14,153.0,0,0.0,3.98
10:51:09,99,14,111.1,0,0.0,3.98
10:51:10,100,14,71.3,0,0.0,3.98
10:51:11,100,14,118.1,0,0.0,3.98
10:51:12,100,14,-74.5,0,0.0,3.98
