ts,gpu_busy_pct,foreign_n,foreign_cpu_pct,foreign_max_proc_pct,mine_n,mine_cpu_pct,quiet_streak,load1,verdict
10:42:59,0,8,25.0,21.0,0,0.0,0,7.70,BUSY
10:43:00,96,8,39.8,37.8,0,0.0,0,7.70,BUSY
10:43:01,0,8,29.8,27.8,0,0.0,0,7.70,BUSY
10:43:02,0,8,2.0,2.0,0,0.0,1,7.70,BUSY
10:43:03,100,8,31.3,29.4,0,0.0,0,7.41,BUSY
10:43:04,0,8,16.9,15.9,0,0.0,0,7.41,BUSY
10:43:05,0,8,11.9,11.9,0,0.0,0,7.41,BUSY
10:43:06,0,8,41.8,36.8,0,0.0,0,7.41,BUSY
10:43:07,0,8,23.8,22.8,0,0.0,0,7.41,BUSY
10:43:08,0,8,17.9,15.9,0,0.0,0,7.14,BUSY
10:43:09,0,8,0.0,0.0,0,0.0,1,7.14,BUSY
10:43:10,0,8,39.8,33.8,0,0.0,0,7.14,BUSY
10:43:11,13,8,33.7,30.7,0,0.0,0,7.14,BUSY
10:43:12,0,8,12.9,11.9,0,0.0,0,7.14,BUSY
10:43:13,0,8,20.9,20.9,0,0.0,0,7.28,BUSY
10:43:14,0,8,32.2,30.3,0,0.0,0,7.28,BUSY
10:43:15,0,8,30.4,30.4,0,0.0,0,7.28,BUSY
10:43:16,0,8,33.8,28.8,0,0.0,0,7.28,BUSY
10:43:17,0,8,17.9,16.9,0,0.0,0,7.28,BUSY
10:43:18,0,8,11.9,10.9,0,0.0,0,7.18,BUSY
10:43:19,0,8,16.9,16.9,0,0.0,0,7.18,BUSY
10:43:20,0,8,14.9,14.9,0,0.0,0,7.18,BUSY
10:43:21,0,8,28.8,25.8,0,0.0,0,7.18,BUSY
10:43:22,0,2,0.0,0.0,0,0.0,1,7.18,BUSY
10:43:23,0,2,0.0,0.0,0,0.0,2,7.01,BUSY
10:43:24,99,8,0.0,0.0,0,0.0,3,7.01,QUIET
10:43:25,0,13,45.6,37.7,2,0.0,0,7.01,BUSY
10:43:26,0,13,39.8,38.8,2,0.0,0,7.01,BUSY
10:43:27,0,13,40.6,27.7,2,1.0,0,7.01,BUSY
10:43:28,0,13,213.7,137.0,2,0.0,0,8.13,BUSY
10:43:29,0,13,368.5,245.0,2,0.0,0,8.13,BUSY
10:43:30,0,13,350.1,233.8,2,0.0,0,8.13,BUSY
10:43:31,0,13,374.4,224.8,2,0.0,0,8.13,BUSY
10:43:32,0,8,25.7,22.8,1,2.0,0,8.13,BUSY
10:43:33,99,8,12.9,12.9,0,0.0,0,8.04,BUSY
10:43:34,0,8,22.6,20.6,0,0.0,0,8.04,BUSY
10:43:35,0,8,31.7,31.7,0,0.0,0,8.04,BUSY
10:43:36,18,8,19.8,16.9,0,0.0,0,8.04,BUSY
10:43:37,11,11,0.0,0.0,0,0.0,1,8.04,BUSY
10:43:38,0,11,77.4,60.5,0,0.0,0,7.95,BUSY
10:43:39,100,11,32.7,26.8,0,0.0,0,7.95,BUSY
10:43:40,0,11,6.0,3.0,0,0.0,1,7.95,BUSY
10:43:41,0,11,3.0,2.0,0,0.0,2,7.95,BUSY
10:43:42,0,8,3.9,3.9,0,0.0,3,7.95,QUIET
10:43:43,94,8,22.8,19.8,0,0.0,0,7.80,BUSY
10:43:44,0,8,27.8,25.8,0,0.0,0,7.80,BUSY
10:43:45,0,8,25.8,25.8,0,0.0,0,7.80,BUSY
10:43:46,0,8,18.9,16.9,0,0.0,0,7.80,BUSY
10:43:47,0,8,0.0,0.0,0,0.0,1,7.80,BUSY
10:43:48,0,8,5.0,3.0,0,0.0,2,7.49,BUSY
10:43:49,0,8,53.4,44.6,0,0.0,0,7.49,BUSY
10:43:50,0,14,68.5,45.7,0,0.0,0,7.49,BUSY
10:43:51,0,14,125.3,75.6,0,0.0,0,7.49,BUSY
10:43:52,0,14,49.7,21.9,0,0.0,0,7.53,BUSY
10:43:53,100,14,35.8,13.9,0,0.0,0,7.53,BUSY
10:43:54,0,14,96.3,47.7,0,0.0,0,7.53,BUSY
10:43:55,95,14,55.6,38.7,0,0.0,0,7.53,BUSY
10:43:56,25,8,11.9,9.9,0,0.0,0,7.53,BUSY
10:43:57,24,8,38.7,31.8,0,0.0,0,7.41,BUSY
10:43:58,0,8,19.9,19.9,0,0.0,0,7.41,BUSY
10:43:59,0,8,12.9,10.9,0,0.0,0,7.41,BUSY
10:44:00,0,2,0.0,0.0,0,0.0,1,7.41,BUSY
10:44:01,0,8,0.0,0.0,0,0.0,2,7.41,BUSY
10:44:02,0,8,12.9,9.9,0,0.0,0,7.46,BUSY
10:44:03,0,8,0.0,0.0,0,0.0,1,7.46,BUSY
10:44:04,0,8,94.3,78.5,0,0.0,0,7.46,BUSY
10:44:05,14,8,18.9,17.9,0,0.0,0,7.46,BUSY
10:44:06,0,8,28.8,25.8,0,0.0,0,7.46,BUSY
10:44:07,79,8,12.9,12.9,0,0.0,0,7.34,BUSY
10:44:08,0,8,15.9,13.9,0,0.0,0,7.34,BUSY
10:44:09,0,8,14.9,13.9,0,0.0,0,7.34,BUSY
10:44:10,0,14,21.8,19.9,0,0.0,0,7.34,BUSY
10:44:11,0,8,16.9,16.9,0,0.0,0,7.34,BUSY
10:44:12,0,8,17.9,17.9,0,0.0,0,7.07,BUSY
10:44:13,0,8,24.9,20.9,0,0.0,0,7.07,BUSY
10:44:14,0,8,13.9,11.9,0,0.0,0,7.07,BUSY
10:44:15,0,8,16.9,15.9,0,0.0,0,7.07,BUSY
10:44:16,0,8,18.9,17.9,0,0.0,0,7.07,BUSY
10:44:17,0,8,10.0,9.0,0,0.0,0,6.67,BUSY
10:44:18,0,8,13.9,6.0,0,0.0,0,6.67,BUSY
10:44:19,0,8,16.9,15.9,0,0.0,0,6.67,BUSY
10:44:20,0,8,14.9,13.9,0,0.0,0,6.67,BUSY
10:44:21,97,8,12.9,11.9,0,0.0,0,6.67,BUSY
10:44:22,0,8,18.9,17.9,0,0.0,0,6.45,BUSY
10:44:23,0,8,23.9,22.9,0,0.0,0,6.45,BUSY
10:44:24,100,8,28.8,25.8,0,0.0,0,6.45,BUSY
10:44:25,0,8,11.9,11.9,0,0.0,0,6.45,BUSY
10:44:26,0,8,13.9,12.9,0,0.0,0,6.45,BUSY
10:44:27,0,8,2.0,2.0,0,0.0,1,6.26,BUSY
10:44:28,99,8,21.9,20.9,0,0.0,0,6.26,BUSY
10:44:29,0,8,26.8,22.8,0,0.0,0,6.26,BUSY
10:44:30,0,8,17.9,15.9,0,0.0,0,6.26,BUSY
10:44:31,100,8,8.0,8.0,0,0.0,0,6.26,BUSY
10:44:32,0,8,0.0,0.0,0,0.0,1,6.08,BUSY
10:44:34,0,8,20.8,17.9,0,0.0,0,6.08,BUSY
10:44:35,0,8,74.4,60.5,0,0.0,0,6.08,BUSY
10:44:36,13,8,4.0,3.0,0,0.0,1,6.08,BUSY
10:44:37,0,8,12.9,9.9,0,0.0,0,6.08,BUSY
10:44:38,0,8,10.9,10.9,0,0.0,0,5.83,BUSY
10:44:39,94,8,25.8,24.8,0,0.0,0,5.83,BUSY
10:44:40,0,8,13.9,12.9,0,0.0,0,5.83,BUSY
10:44:41,21,16,8.9,7.0,0,0.0,0,5.83,BUSY
10:44:42,0,8,3.0,2.0,0,0.0,1,5.83,BUSY
10:44:43,0,8,6.0,6.0,0,0.0,0,5.84,BUSY
10:44:44,99,8,0.0,0.0,0,0.0,1,5.84,BUSY
10:44:45,0,8,14.9,13.9,0,0.0,0,5.84,BUSY
10:44:46,0,8,26.8,24.8,0,0.0,0,5.84,BUSY
10:44:47,27,8,19.9,18.9,0,0.0,0,5.84,BUSY
10:44:48,0,9,24.8,23.8,0,0.0,0,6.02,BUSY
10:44:49,0,9,13.9,11.9,0,0.0,0,6.02,BUSY
10:44:50,0,9,2.0,1.0,0,0.0,1,6.02,BUSY
10:44:51,0,9,57.7,46.7,0,0.0,0,6.02,BUSY
10:44:52,0,9,35.2,31.3,0,0.0,0,6.02,BUSY
10:44:53,0,9,9.0,8.0,0,0.0,0,6.09,BUSY
10:44:54,0,9,33.8,31.8,0,0.0,0,6.09,BUSY
10:44:55,0,9,15.9,14.9,0,0.0,0,6.09,BUSY
10:44:56,0,9,7.9,7.9,0,0.0,0,6.09,BUSY
10:44:57,100,9,12.9,11.9,0,0.0,0,6.09,BUSY
10:44:58,0,8,8.0,7.0,0,0.0,0,5.85,BUSY
10:44:59,15,8,9.9,9.9,0,0.0,0,5.85,BUSY
10:45:00,100,8,6.0,6.0,0,0.0,0,5.85,BUSY
10:45:01,0,8,21.9,19.9,0,0.0,0,5.85,BUSY
10:45:02,0,8,20.8,19.8,0,0.0,0,5.85,BUSY
10:45:03,0,8,15.9,12.9,0,0.0,0,5.70,BUSY
10:45:04,0,8,8.0,8.0,0,0.0,0,5.70,BUSY
10:45:05,0,8,15.9,14.9,0,0.0,0,5.70,BUSY
10:45:06,0,8,8.9,7.0,0,0.0,0,5.70,BUSY
10:45:07,0,14,0.0,0.0,0,0.0,1,5.70,BUSY
10:45:08,0,14,63.6,28.8,0,0.0,0,5.72,BUSY
10:45:09,0,15,8.0,3.0,0,0.0,1,5.72,BUSY
10:45:10,0,15,6.0,3.0,0,0.0,2,5.72,BUSY
10:45:11,0,15,9.9,4.0,0,0.0,3,5.72,QUIET
10:45:12,0,15,13.9,7.0,0,0.0,0,5.72,BUSY
10:45:13,0,15,11.9,4.0,0,0.0,1,5.58,BUSY
10:45:14,0,15,17.9,10.9,0,0.0,0,5.58,BUSY
10:45:15,0,15,17.9,9.9,0,0.0,0,5.58,BUSY
10:45:16,0,15,8.0,4.0,0,0.0,1,5.58,BUSY
10:45:17,0,9,3.0,3.0,0,0.0,2,5.58,BUSY
10:45:18,0,14,5.0,4.0,0,0.0,3,5.46,QUIET
10:45:19,0,8,46.8,38.8,0,0.0,0,5.46,BUSY
10:45:20,0,8,2.0,1.0,0,0.0,1,5.46,BUSY
10:45:21,0,8,2.0,2.0,0,0.0,2,5.46,BUSY
10:45:22,0,8,3.0,1.0,0,0.0,3,5.46,QUIET
10:45:23,0,9,1.0,1.0,0,0.0,4,5.26,QUIET
10:45:24,0,9,4.0,3.0,0,0.0,5,5.26,QUIET
10:45:25,0,9,0.0,0.0,0,0.0,6,5.26,QUIET
10:45:26,0,9,2.0,1.0,0,0.0,7,5.26,QUIET
10:45:27,0,9,2.0,1.0,0,0.0,8,5.26,QUIET
10:45:28,0,9,2.0,1.0,0,0.0,9,5.24,QUIET
10:45:29,0,8,5.0,4.0,0,0.0,10,5.24,QUIET
10:45:30,0,11,1.0,1.0,0,0.0,11,5.24,QUIET
10:45:31,0,8,16.9,13.9,0,0.0,0,5.24,BUSY
10:45:32,0,8,3.0,2.0,0,0.0,1,5.24,BUSY
10:45:33,0,8,1.0,1.0,0,0.0,2,5.06,BUSY
10:45:34,0,8,7.0,3.0,0,0.0,3,5.06,QUIET
10:45:35,0,9,23.9,19.9,0,0.0,0,5.06,BUSY
10:45:36,0,10,11.9,8.9,0,0.0,0,5.06,BUSY
10:45:37,0,9,11.9,8.9,0,0.0,0,5.06,BUSY
10:45:38,0,9,15.9,12.9,0,0.0,0,4.89,BUSY
10:45:39,0,9,27.9,22.9,0,0.0,0,4.89,BUSY
10:45:40,0,9,1.0,1.0,0,0.0,1,4.89,BUSY
10:45:41,0,9,2.0,2.0,0,0.0,2,4.89,BUSY
10:45:42,0,9,2.0,1.0,0,0.0,3,4.89,QUIET
10:45:43,0,9,1.0,1.0,0,0.0,4,4.66,QUIET
10:45:44,0,9,1.0,1.0,0,0.0,5,4.66,QUIET
10:45:45,80,9,2.0,2.0,0,0.0,6,4.66,QUIET
10:45:46,0,9,1.0,1.0,0,0.0,7,4.66,QUIET
10:45:47,0,9,2.0,1.0,0,0.0,8,4.66,QUIET
10:45:48,0,9,1.0,1.0,0,0.0,9,4.45,QUIET
10:45:49,0,9,4.0,3.0,0,0.0,10,4.45,QUIET
10:45:50,0,9,10.9,7.0,0,0.0,0,4.45,BUSY
10:45:51,0,9,0.0,0.0,0,0.0,1,4.45,BUSY
10:45:52,0,9,1.0,1.0,0,0.0,2,4.45,BUSY
10:45:53,0,9,2.0,2.0,0,0.0,3,4.33,QUIET
10:45:54,0,15,0.0,0.0,0,0.0,4,4.33,QUIET
10:45:55,0,15,0.0,0.0,0,0.0,5,4.33,QUIET
10:45:56,99,15,3.0,1.0,0,0.0,6,4.33,QUIET
10:45:57,0,15,0.0,0.0,0,0.0,7,4.33,QUIET
10:45:58,0,15,4.0,1.0,0,0.0,8,4.23,QUIET
10:45:59,23,15,3.0,3.0,0,0.0,9,4.23,QUIET
10:46:00,100,15,43.7,19.9,0,0.0,0,4.23,BUSY
10:46:01,0,15,44.6,20.8,0,0.0,0,4.23,BUSY
10:46:02,0,15,26.8,10.9,0,0.0,0,4.23,BUSY
10:46:03,0,15,25.9,9.0,0,0.0,0,4.45,BUSY
10:46:04,90,15,35.8,15.9,0,0.0,0,4.45,BUSY
10:46:05,0,15,46.7,24.8,0,0.0,0,4.45,BUSY
10:46:06,0,15,22.8,16.9,0,0.0,0,4.45,BUSY
10:46:07,0,16,7.0,4.0,0,0.0,1,4.45,BUSY
10:46:08,0,16,108.3,100.3,0,0.0,0,4.33,BUSY
10:46:09,0,16,105.4,99.4,0,0.0,0,4.33,BUSY
10:46:10,0,16,125.2,100.4,0,0.0,0,4.33,BUSY
10:46:11,0,16,115.2,100.3,0,0.0,0,4.33,BUSY
10:46:12,0,22,107.3,99.3,0,0.0,0,4.33,BUSY
10:46:13,0,22,111.2,100.3,0,0.0,0,4.39,BUSY
10:46:14,0,22,108.2,100.3,0,0.0,0,4.39,BUSY
10:46:15,0,16,105.3,99.3,0,0.0,0,4.39,BUSY
10:46:16,0,10,123.1,100.3,0,0.0,0,4.39,BUSY
10:46:17,0,16,108.3,100.4,0,0.0,0,4.39,BUSY
10:46:18,99,16,104.3,99.3,0,0.0,0,4.44,BUSY
10:46:19,99,16,114.2,100.3,0,0.0,0,4.44,BUSY
10:46:20,0,16,114.1,100.2,0,0.0,0,4.44,BUSY
10:46:21,0,16,132.0,99.2,0,0.0,0,4.44,BUSY
10:46:22,0,16,115.2,100.3,0,0.0,0,4.44,BUSY
10:46:23,0,16,133.2,99.4,0,0.0,0,4.40,BUSY
10:46:24,0,16,149.1,100.4,0,0.0,0,4.40,BUSY
10:46:25,0,22,185.7,100.3,0,0.0,0,4.40,BUSY
10:46:26,0,22,208.7,107.3,0,0.0,0,4.40,BUSY
10:46:27,0,22,194.7,100.3,0,0.0,0,4.40,BUSY
10:46:28,0,22,135.1,100.4,0,0.0,0,4.45,BUSY
10:46:29,0,22,232.0,107.1,0,0.0,0,4.45,BUSY
10:46:30,0,22,200.6,100.3,0,0.0,0,4.45,BUSY
10:46:31,0,22,175.6,100.2,0,0.0,0,4.45,BUSY
10:46:32,0,22,213.3,107.2,0,0.0,0,4.57,BUSY
10:46:33,0,22,163.9,99.3,0,0.0,0,4.57,BUSY
10:46:34,0,22,161.0,100.4,0,0.0,0,4.57,BUSY
10:46:35,0,22,268.3,107.3,0,0.0,0,4.57,BUSY
10:46:36,0,22,165.7,99.2,0,0.0,0,4.57,BUSY
10:46:37,0,22,174.9,99.4,0,0.0,0,4.61,BUSY
10:46:38,0,22,210.5,107.2,0,0.0,0,4.61,BUSY
10:46:39,99,22,194.8,100.4,0,0.0,0,4.61,BUSY
10:46:40,20,22,298.0,100.3,0,0.0,0,4.61,BUSY
10:46:41,53,22,237.4,108.3,0,0.0,0,4.61,BUSY
10:46:42,0,22,127.2,99.4,0,0.0,0,4.48,BUSY
10:46:43,0,17,200.6,100.3,0,0.0,0,4.48,BUSY
10:46:44,100,22,219.5,109.3,0,0.0,0,4.48,BUSY
10:46:45,0,22,165.8,99.3,0,0.0,0,4.48,BUSY
10:46:46,34,22,210.7,106.4,0,0.0,0,4.48,BUSY
10:46:47,0,22,212.6,108.3,0,0.0,0,4.52,BUSY
10:46:48,0,22,113.3,100.4,0,0.0,0,4.52,BUSY
10:46:49,99,22,258.3,109.3,0,0.0,0,4.52,BUSY
10:46:50,32,22,238.3,99.3,0,0.0,0,4.52,BUSY
10:46:51,0,22,143.1,100.4,0,0.0,0,4.52,BUSY
10:46:52,0,22,218.7,110.4,0,0.0,0,5.04,BUSY
10:46:53,0,16,187.6,99.3,0,0.0,0,5.04,BUSY
10:46:54,0,10,140.2,100.4,0,0.0,0,5.04,BUSY
10:46:55,0,10,210.8,110.4,0,0.0,0,5.04,BUSY
10:46:56,0,10,175.0,100.4,0,0.0,0,5.04,BUSY
10:46:57,0,16,152.9,100.3,0,0.0,0,5.20,BUSY
10:46:58,0,16,258.2,111.2,0,0.0,0,5.20,BUSY
10:46:59,0,16,163.7,100.2,0,0.0,0,5.20,BUSY
10:47:00,0,16,167.9,100.3,0,0.0,0,5.20,BUSY
10:47:01,0,16,218.4,113.2,0,0.0,0,5.20,BUSY
10:47:02,0,16,149.0,100.3,0,0.0,0,5.02,BUSY
10:47:03,19,16,183.9,99.4,0,0.0,0,5.02,BUSY
10:47:04,100,16,237.5,113.3,0,0.0,0,5.02,BUSY
10:47:05,0,16,140.0,100.3,0,0.0,0,5.02,BUSY
10:47:06,31,14,94.3,89.3,0,0.0,0,5.02,BUSY
10:47:07,0,14,141.9,113.2,0,0.0,0,5.26,BUSY
10:47:09,0,20,24.8,21.8,0,0.0,0,5.26,BUSY
10:47:10,0,20,67.5,53.6,0,0.0,0,5.26,BUSY
10:47:11,0,20,48.7,22.8,0,0.0,0,5.26,BUSY
10:47:12,0,20,4.0,1.0,0,0.0,1,5.26,BUSY
10:47:13,0,20,8.9,3.0,0,0.0,2,5.00,BUSY
10:47:14,0,14,10.9,5.0,0,0.0,3,5.00,QUIET
10:47:15,0,14,41.8,19.9,0,0.0,0,5.00,BUSY
10:47:16,0,20,35.7,27.8,0,0.0,0,5.00,BUSY
10:47:17,0,20,66.6,44.7,0,0.0,0,5.00,BUSY
10:47:18,0,20,42.8,22.9,0,0.0,0,4.76,BUSY
10:47:19,6,20,12.9,5.0,0,0.0,1,4.76,BUSY
10:47:20,99,20,34.8,11.9,0,0.0,0,4.76,BUSY
10:47:21,0,20,39.8,15.9,0,0.0,0,4.76,BUSY
10:47:22,0,20,31.8,9.9,0,0.0,0,4.76,BUSY
10:47:23,0,20,73.5,43.7,0,0.0,0,4.70,BUSY
10:47:24,0,20,123.3,108.4,0,0.0,0,4.70,BUSY
10:47:25,0,20,121.1,107.2,0,0.0,0,4.70,BUSY
10:47:26,0,20,115.2,107.3,0,0.0,0,4.70,BUSY
10:47:27,82,20,101.2,62.5,0,0.0,0,4.70,BUSY
10:47:28,0,20,104.2,57.5,0,0.0,0,4.88,BUSY
10:47:29,0,20,107.4,106.4,0,0.0,0,4.88,BUSY
10:47:30,0,20,119.2,106.2,0,0.0,0,4.88,BUSY
10:47:31,100,20,124.2,106.4,0,0.0,0,4.88,BUSY
10:47:32,0,20,64.5,48.7,0,0.0,0,4.88,BUSY
10:47:33,47,20,93.5,69.6,0,0.0,0,4.81,BUSY
10:47:34,0,20,120.3,107.4,0,0.0,0,4.81,BUSY
10:47:35,99,20,126.2,107.4,0,0.0,0,4.81,BUSY
10:47:36,0,20,153.9,107.2,0,0.0,0,4.81,BUSY
10:47:37,0,20,58.5,33.7,0,0.0,0,4.81,BUSY
10:47:38,0,20,118.1,85.3,0,0.0,0,4.83,BUSY
10:47:39,0,20,127.2,106.4,0,0.0,0,4.83,BUSY
10:47:40,0,20,46.7,21.9,0,0.0,0,4.83,BUSY
10:47:41,19,20,127.1,97.3,0,0.0,0,4.83,BUSY
10:47:42,0,20,118.2,108.2,0,0.0,0,4.83,BUSY
10:47:43,0,20,13.9,11.9,0,0.0,0,4.60,BUSY
10:47:44,0,20,114.3,106.3,0,0.0,0,4.60,BUSY
10:47:45,0,20,129.1,102.3,0,0.0,0,4.60,BUSY
10:47:46,0,20,59.7,19.9,0,0.0,0,4.60,BUSY
10:47:47,28,20,96.3,91.4,0,0.0,0,4.60,BUSY
10:47:48,0,20,110.3,62.6,0,0.0,0,4.63,BUSY
10:47:49,0,20,103.2,79.4,0,0.0,0,4.63,BUSY
10:47:50,99,20,68.6,39.8,0,0.0,0,4.63,BUSY
10:47:51,32,20,123.1,67.5,0,0.0,0,4.63,BUSY
10:47:52,0,20,62.6,51.7,0,0.0,0,4.63,BUSY
10:47:53,0,20,15.9,10.9,0,0.0,0,4.58,BUSY
10:47:54,0,20,46.7,45.7,0,0.0,0,4.58,BUSY
10:47:55,0,20,98.3,53.6,0,0.0,0,4.58,BUSY
10:47:56,42,20,63.6,33.8,0,0.0,0,4.58,BUSY
10:47:57,0,20,143.9,108.1,0,0.0,0,4.58,BUSY
10:47:58,0,20,122.3,108.3,0,0.0,0,4.77,BUSY
10:47:59,0,20,130.1,108.3,0,0.0,0,4.77,BUSY
10:48:00,0,20,88.5,73.5,0,0.0,0,4.77,BUSY
10:48:01,0,20,60.7,47.7,0,0.0,0,4.77,BUSY
10:48:02,0,20,150.1,108.3,0,0.0,0,4.77,BUSY
10:48:03,50,20,125.3,108.4,0,0.0,0,4.71,BUSY
10:48:04,24,20,120.3,107.3,0,0.0,0,4.71,BUSY
10:48:05,0,20,68.6,59.6,0,0.0,0,4.71,BUSY
10:48:06,100,20,72.6,61.6,0,0.0,0,4.71,BUSY
10:48:07,0,20,137.2,108.3,0,0.0,0,4.71,BUSY
10:48:08,96,20,119.0,108.1,0,0.0,0,4.74,BUSY
10:48:09,0,20,117.2,107.3,0,0.0,0,4.74,BUSY
10:48:10,0,20,84.4,46.7,0,0.0,0,4.74,BUSY
10:48:11,0,20,104.7,74.4,0,0.0,0,4.74,BUSY
10:48:12,0,20,135.2,108.4,0,0.0,0,4.74,BUSY
10:48:13,99,20,49.6,31.8,0,0.0,0,4.52,BUSY
10:48:14,0,20,99.4,89.5,0,0.0,0,4.52,BUSY
10:48:15,100,20,118.1,108.2,0,0.0,0,4.52,BUSY
10:48:16,0,20,32.7,17.9,0,0.0,0,4.52,BUSY
10:48:17,0,20,119.3,101.4,0,0.0,0,4.52,BUSY
10:48:18,0,20,135.0,107.2,0,0.0,0,4.56,BUSY
10:48:19,21,20,36.8,11.9,0,0.0,0,4.56,BUSY
10:48:20,0,20,122.0,100.2,0,0.0,0,4.56,BUSY
10:48:21,0,20,32.8,18.9,0,0.0,0,4.56,BUSY
10:48:22,0,20,94.5,89.5,0,0.0,0,4.56,BUSY
10:48:23,0,20,55.7,29.8,0,0.0,0,4.59,BUSY
10:48:24,0,20,78.5,77.5,0,0.0,0,4.59,BUSY
10:48:25,0,20,133.3,77.6,0,0.0,0,4.59,BUSY
10:48:26,0,20,15.9,12.9,0,0.0,0,4.59,BUSY
10:48:27,100,20,56.7,53.7,0,0.0,0,4.59,BUSY
10:48:28,0,20,79.5,55.7,0,0.0,0,4.38,BUSY
10:48:29,0,20,46.7,22.9,0,0.0,0,4.38,BUSY
10:48:30,0,20,122.3,109.4,0,0.0,0,4.38,BUSY
10:48:31,0,20,113.3,108.4,0,0.0,0,4.38,BUSY
10:48:32,0,20,134.0,110.2,0,0.0,0,4.38,BUSY
10:48:33,0,20,90.5,83.5,0,0.0,0,4.35,BUSY
10:48:34,0,20,50.7,37.8,0,0.0,0,4.35,BUSY
10:48:35,99,20,132.2,110.3,0,0.0,0,4.35,BUSY
10:48:36,0,20,111.1,109.1,0,0.0,0,4.35,BUSY
10:48:37,99,20,126.1,110.2,0,0.0,0,4.35,BUSY
10:48:38,0,20,73.5,69.5,0,0.0,0,4.24,BUSY
10:48:39,0,20,63.6,52.7,0,0.0,0,4.24,BUSY
10:48:40,0,20,118.3,108.4,0,0.0,0,4.24,BUSY
10:48:41,0,20,112.3,109.3,0,0.0,0,4.24,BUSY
10:48:42,0,20,111.2,108.2,0,0.0,0,4.24,BUSY
10:48:43,100,20,58.7,56.7,0,0.0,0,4.39,BUSY
10:48:44,0,20,87.3,65.5,0,0.0,0,4.39,BUSY
10:48:45,0,20,122.3,109.3,0,0.0,0,4.39,BUSY
10:48:46,0,20,50.7,44.7,0,0.0,0,4.39,BUSY
10:48:47,0,20,93.4,77.5,0,0.0,0,4.39,BUSY
10:48:48,25,20,116.1,109.1,0,0.0,0,4.27,BUSY
10:48:49,0,20,52.6,30.7,0,0.0,0,4.27,BUSY
10:48:50,99,20,109.2,92.4,0,0.0,0,4.27,BUSY
10:48:51,35,20,118.1,111.1,0,0.0,0,4.27,BUSY
10:48:52,70,20,19.9,16.9,0,0.0,0,4.27,BUSY
10:48:53,0,20,109.2,105.3,0,0.0,0,4.41,BUSY
10:48:54,0,20,15.9,11.9,0,0.0,0,4.41,BUSY
10:48:55,0,20,105.2,101.3,0,0.0,0,4.41,BUSY
10:48:56,25,20,41.7,21.8,0,0.0,0,4.41,BUSY
10:48:57,0,20,91.4,89.4,0,0.0,0,4.41,BUSY
10:48:58,0,20,36.8,32.8,0,0.0,0,4.22,BUSY
10:48:59,0,20,34.8,23.9,0,0.0,0,4.22,BUSY
10:49:00,0,20,59.6,55.7,0,0.0,0,4.22,BUSY
10:49:01,0,14,60.6,55.7,0,0.0,0,4.22,BUSY
10:49:02,63,14,11.9,11.9,0,0.0,0,4.22,BUSY
10:49:03,35,14,125.2,114.2,0,0.0,0,4.36,BUSY
10:49:04,0,14,117.2,111.2,0,0.0,0,4.36,BUSY
10:49:05,0,14,115.3,111.3,0,0.0,0,4.36,BUSY
10:49:06,0,14,100.4,96.4,0,0.0,0,4.36,BUSY
10:49:07,0,14,30.8,27.8,0,0.0,0,4.33,BUSY
10:49:08,0,20,119.3,112.3,0,0.0,0,4.33,BUSY
10:49:09,0,20,179.9,111.3,0,0.0,0,4.33,BUSY
10:49:10,0,20,125.0,112.1,0,0.0,0,4.33,BUSY
10:49:11,0,20,92.2,83.2,0,0.0,0,4.33,BUSY
10:49:12,0,18,47.7,42.7,0,0.0,0,4.23,BUSY
10:49:13,0,20,117.1,113.1,0,0.0,0,4.23,BUSY
10:49:14,0,20,146.9,111.2,0,0.0,0,4.23,BUSY
10:49:15,0,20,156.9,112.2,0,0.0,0,4.23,BUSY
10:49:16,0,20,75.5,67.6,0,0.0,0,4.23,BUSY
10:49:17,39,20,64.6,57.7,0,0.0,0,4.21,BUSY
10:49:18,16,14,120.2,112.3,0,0.0,0,4.21,BUSY
10:49:19,0,20,57.6,55.6,0,0.0,0,4.21,BUSY
10:49:20,0,20,99.3,69.5,0,0.0,0,4.21,BUSY
10:49:21,0,20,137.7,111.9,0,0.0,0,4.21,BUSY
10:49:22,0,20,78.4,41.7,0,0.0,0,4.11,BUSY
10:49:23,0,20,88.4,83.4,0,0.0,0,4.11,BUSY
10:49:24,0,20,118.2,111.2,0,0.0,0,4.11,BUSY
10:49:25,0,20,31.8,28.8,0,0.0,0,4.11,BUSY
10:49:26,97,20,100.2,97.2,0,0.0,0,4.11,BUSY
10:49:27,74,20,19.9,15.9,0,0.0,0,4.02,BUSY
10:49:28,0,20,114.1,109.2,0,0.0,0,4.02,BUSY
10:49:29,0,20,13.9,12.9,0,0.0,0,4.02,BUSY
10:49:30,0,20,109.2,103.2,0,0.0,0,4.02,BUSY
10:49:31,99,20,25.8,23.9,0,0.0,0,4.02,BUSY
10:49:32,0,20,36.7,33.7,0,0.0,0,3.86,BUSY
10:49:33,0,20,67.6,57.7,0,0.0,0,3.86,BUSY
10:49:34,0,20,108.3,46.7,0,0.0,0,3.86,BUSY
10:49:35,0,20,61.6,36.8,0,0.0,0,3.86,BUSY
10:49:36,0,20,126.3,108.4,0,0.0,0,3.86,BUSY
10:49:38,0,20,112.4,105.4,0,0.0,0,3.87,BUSY
10:49:39,0,20,30.8,14.9,0,0.0,0,3.87,BUSY
10:49:40,0,20,172.8,109.2,0,0.0,0,3.87,BUSY
10:49:41,0,20,110.4,92.5,0,0.0,0,3.87,BUSY
10:49:42,0,20,46.8,27.9,0,0.0,0,3.87,BUSY
10:49:43,0,20,119.2,109.2,0,0.0,0,4.44,BUSY
10:49:44,0,20,102.3,80.4,0,0.0,0,4.44,BUSY
10:49:45,37,20,52.7,41.8,0,0.0,0,4.44,BUSY
10:49:46,0,14,145.1,107.3,0,0.0,0,4.44,BUSY
10:49:47,28,14,115.0,107.1,0,0.0,0,4.44,BUSY
10:49:48,43,14,68.6,67.6,0,0.0,0,4.49,BUSY
10:49:49,99,14,53.6,52.6,0,0.0,0,4.49,BUSY
10:49:50,0,14,116.2,107.3,0,0.0,0,4.49,BUSY
10:49:51,23,14,114.3,107.3,0,0.0,0,4.49,BUSY
10:49:52,0,14,54.6,53.6,0,0.0,0,4.49,BUSY
10:49:53,29,14,73.6,65.6,0,0.0,0,4.37,BUSY
10:49:54,30,14,109.3,108.3,0,0.0,0,4.37,BUSY
10:49:55,25,14,108.2,106.3,0,0.0,0,4.37,BUSY
10:49:56,100,14,47.7,41.8,0,0.0,0,4.37,BUSY
10:49:57,26,14,93.3,81.4,0,0.0,0,4.37,BUSY
10:49:58,0,14,111.3,108.4,0,0.0,0,4.34,BUSY
10:49:59,0,14,112.3,107.4,0,0.0,0,4.34,BUSY
10:50:00,0,14,29.8,26.8,0,0.0,0,4.34,BUSY
10:50:01,0,14,105.4,92.4,0,0.0,0,4.34,BUSY
10:50:02,0,14,107.4,107.4,0,0.0,0,4.34,BUSY
10:50:03,0,14,107.4,106.4,0,0.0,0,4.15,BUSY
10:50:04,95,14,26.8,13.9,0,0.0,0,4.15,BUSY
10:50:05,0,14,106.4,105.4,0,0.0,0,4.15,BUSY
10:50:06,22,14,108.2,106.2,0,0.0,0,4.15,BUSY
10:50:07,99,14,109.4,108.4,0,0.0,0,4.15,BUSY
10:50:08,0,14,3.0,2.0,0,0.0,1,4.14,BUSY
10:50:09,0,14,8.0,4.0,0,0.0,2,4.14,BUSY
10:50:10,99,14,3.0,2.0,0,0.0,3,4.14,QUIET
10:50:11,0,14,7.9,4.0,0,0.0,4,4.14,QUIET
10:50:12,0,14,3.0,2.0,0,0.0,5,4.14,QUIET
10:50:13,100,14,2.0,1.0,0,0.0,6,3.97,QUIET
10:50:14,0,14,7.9,3.0,0,0.0,7,3.97,QUIET
10:50:15,0,15,8.9,8.0,0,0.0,0,3.97,BUSY
10:50:16,0,15,18.9,6.9,0,0.0,0,3.97,BUSY
10:50:17,18,14,7.0,7.0,0,0.0,0,3.97,BUSY
10:50:18,81,20,6.9,3.0,0,0.0,1,4.21,BUSY
10:50:19,22,20,19.8,10.9,0,0.0,0,4.21,BUSY
10:50:20,27,20,6.0,2.0,0,0.0,1,4.21,BUSY
10:50:21,0,20,3.0,1.0,0,0.0,2,4.21,BUSY
10:50:22,0,20,101.4,79.5,0,0.0,0,4.21,BUSY
10:50:23,24,20,29.8,19.9,0,0.0,0,4.11,BUSY
10:50:24,0,20,11.9,4.0,0,0.0,1,4.11,BUSY
10:50:25,0,20,8.9,4.0,0,0.0,2,4.11,BUSY
10:50:26,0,20,44.7,32.8,0,0.0,0,4.11,BUSY
10:50:27,35,20,13.9,6.0,0,0.0,0,4.11,BUSY
10:50:28,0,20,5.0,2.0,0,0.0,1,3.94,BUSY
10:50:29,100,20,16.9,9.9,0,0.0,0,3.94,BUSY
10:50:30,0,20,20.7,12.8,0,0.0,0,3.94,BUSY
10:50:31,0,20,7.0,4.0,0,0.0,1,3.94,BUSY
10:50:32,20,20,13.9,8.0,0,0.0,0,3.94,BUSY
10:50:33,21,20,12.9,6.0,0,0.0,0,3.95,BUSY
10:50:34,98,20,19.9,8.9,0,0.0,0,3.95,BUSY
10:50:35,93,20,24.8,10.9,0,0.0,0,3.95,BUSY
10:50:36,0,20,8.9,4.0,0,0.0,1,3.95,BUSY
10:50:37,99,20,102.4,78.5,0,0.0,0,3.95,BUSY
10:50:38,0,20,9.9,5.0,0,0.0,1,3.95,BUSY
10:50:39,0,20,17.9,8.9,0,0.0,0,3.95,BUSY
10:50:40,28,14,9.9,7.0,0,0.0,0,3.95,BUSY
10:50:41,26,14,111.2,101.3,0,0.0,0,3.95,BUSY
10:50:42,24,14,114.3,109.3,0,0.0,0,3.95,BUSY
10:50:43,0,14,16.9,13.9,0,0.0,0,3.96,BUSY
10:50:44,27,14,124.1,108.2,0,0.0,0,3.96,BUSY
10:50:45,0,14,113.2,106.3,0,0.0,0,3.96,BUSY
10:50:46,21,14,80.5,51.7,0,0.0,0,3.96,BUSY
10:50:47,100,14,133.1,109.2,0,0.0,0,3.96,BUSY
10:50:48,100,14,96.2,92.3,0,0.0,0,3.96,BUSY
10:50:49,0,14,41.7,29.8,0,0.0,0,3.96,BUSY
10:50:50,100,14,122.1,111.2,0,0.0,0,3.96,BUSY
10:50:51,0,14,110.1,81.3,0,0.0,0,3.96,BUSY
10:50:52,100,14,46.7,43.7,0,0.0,0,3.96,BUSY
10:50:53,100,14,137.9,111.1,0,0.0,0,3.88,BUSY
10:50:54,100,14,107.1,67.4,0,0.0,0,3.88,BUSY
10:50:55,0,14,93.3,56.6,0,0.0,0,3.88,BUSY
10:50:56,100,14,123.1,110.2,0,0.0,0,3.88,BUSY
10:50:57,62,14,57.5,52.6,0,0.0,0,3.88,BUSY
10:50:58,99,14,78.4,59.5,0,0.0,0,3.97,BUSY
10:50:59,0,14,119.3,107.4,0,0.0,0,3.97,BUSY
10:51:00,52,14,125.0,105.2,0,0.0,0,3.97,BUSY
10:51:01,100,14,28.8,20.9,0,0.0,0,3.97,BUSY
10:51:02,0,14,139.0,111.2,0,0.0,0,3.97,BUSY
10:51:03,100,14,117.3,92.4,0,0.0,0,3.89,BUSY
10:51:04,100,14,47.7,31.8,0,0.0,0,3.89,BUSY
10:51:05,0,14,121.0,109.1,0,0.0,0,3.89,BUSY
10:51:06,89,14,82.4,79.4,0,0.0,0,3.89,BUSY
10:51:07,25,14,56.5,44.6,0,0.0,0,3.89,BUSY
10:51:08,100,14,153.0,109.3,0,0.0,0,3.98,BUSY
10:51:09,99,14,111.1,69.4,0,0.0,0,3.98,BUSY
10:51:10,100,14,71.3,55.5,0,0.0,0,3.98,BUSY
10:51:11,100,14,118.1,111.1,0,0.0,0,3.98,BUSY
10:51:12,100,14,66.5,54.6,0,0.0,0,3.98,BUSY
10:51:13,0,14,143.9,69.5,0,0.0,0,4.23,BUSY
10:51:14,99,14,135.1,110.3,0,0.0,0,4.23,BUSY
10:51:15,100,14,75.2,41.5,0,0.0,0,4.23,BUSY
10:51:16,100,14,26.8,17.8,0,0.0,0,4.23,BUSY
10:51:17,100,14,119.2,110.2,0,0.0,0,4.23,BUSY
10:51:18,100,14,111.0,92.2,0,0.0,0,4.29,BUSY
10:51:19,100,14,58.6,37.7,0,0.0,0,4.29,BUSY
10:51:20,99,14,184.3,114.0,0,0.0,0,4.29,BUSY
10:51:21,100,14,143.7,80.3,0,0.0,0,4.29,BUSY
10:51:22,99,14,47.7,45.7,0,0.0,0,4.29,BUSY
10:51:23,100,14,127.0,111.1,0,0.0,0,4.26,BUSY
10:51:24,99,14,81.5,68.6,0,0.0,0,4.26,BUSY
10:51:25,100,14,104.2,62.5,0,0.0,0,4.26,BUSY
10:51:26,100,14,206.8,112.8,0,0.0,0,4.26,BUSY
10:51:27,100,14,87.3,53.6,0,0.0,0,4.26,BUSY
10:51:28,100,14,165.4,76.2,0,0.0,0,4.24,BUSY
10:51:29,100,14,140.9,112.1,0,0.0,0,4.24,BUSY
10:51:30,100,14,52.6,40.7,0,0.0,0,4.24,BUSY
10:51:31,100,14,142.1,90.4,0,0.0,0,4.24,BUSY
10:51:32,100,14,190.5,112.1,0,0.0,0,4.24,BUSY
10:51:33,99,8,5.0,4.0,0,0.0,1,4.46,BUSY
10:51:34,100,8,1.0,1.0,0,0.0,2,4.46,BUSY
10:51:35,100,8,21.9,19.9,0,0.0,0,4.46,BUSY
10:51:36,100,8,41.7,21.9,0,0.0,0,4.46,BUSY
10:51:37,100,8,25.8,14.9,0,0.0,0,4.51,BUSY
10:51:38,100,8,6.0,5.0,0,0.0,1,4.51,BUSY
10:51:39,99,8,0.0,0.0,0,0.0,2,4.51,BUSY
10:51:40,79,8,70.5,58.6,0,0.0,0,4.51,BUSY
10:51:41,100,8,8.9,8.9,0,0.0,0,4.51,BUSY
10:51:42,100,8,20.8,18.8,0,0.0,0,4.95,BUSY
10:51:43,100,8,5.0,3.0,0,0.0,1,4.95,BUSY
10:51:44,100,8,3.0,3.0,0,0.0,2,4.95,BUSY
10:51:45,0,8,17.8,14.9,0,0.0,0,4.95,BUSY
10:51:46,100,8,1.0,1.0,0,0.0,1,4.95,BUSY
10:51:47,0,8,27.8,26.8,0,0.0,0,5.19,BUSY
10:51:48,100,8,6.9,5.0,0,0.0,1,5.19,BUSY
10:51:49,24,8,8.0,7.0,0,0.0,0,5.19,BUSY
10:51:50,51,2,0.0,0.0,0,0.0,1,5.19,BUSY
10:51:51,100,8,0.0,0.0,0,0.0,2,5.19,BUSY
10:51:52,0,8,13.9,10.9,0,0.0,0,5.10,BUSY
10:51:53,100,8,9.9,9.9,0,0.0,0,5.10,BUSY
10:51:54,99,8,13.9,11.9,0,0.0,0,5.10,BUSY
10:51:55,99,8,1.0,1.0,0,0.0,1,5.10,BUSY
10:51:56,67,8,23.8,21.9,0,0.0,0,5.10,BUSY
10:51:57,0,8,7.0,7.0,0,0.0,0,4.85,BUSY
10:51:58,100,8,4.0,3.0,0,0.0,1,4.85,BUSY
10:51:59,0,8,35.7,25.8,0,0.0,0,4.85,BUSY
10:52:00,80,8,58.5,39.6,0,0.0,0,4.85,BUSY
10:52:02,0,8,23.9,20.9,0,0.0,0,4.85,BUSY
10:52:03,27,2,0.0,0.0,0,0.0,1,4.70,BUSY
10:52:04,100,8,0.0,0.0,0,0.0,2,4.70,BUSY
10:52:05,99,8,4.0,3.0,0,0.0,3,4.70,QUIET
10:52:06,100,8,8.9,6.0,0,0.0,0,4.70,BUSY
10:52:07,100,8,9.9,6.9,0,0.0,0,4.70,BUSY
10:52:08,9,8,19.9,16.9,0,0.0,0,4.64,BUSY
10:52:09,99,8,26.8,14.9,0,0.0,0,4.64,BUSY
10:52:10,0,8,38.7,22.8,0,0.0,0,4.64,BUSY
10:52:11,99,8,41.7,23.8,0,0.0,0,4.64,BUSY
10:52:12,100,8,43.6,27.7,0,0.0,0,4.64,BUSY
10:52:13,100,8,43.6,25.8,0,0.0,0,4.99,BUSY
10:52:14,0,6,0.0,0.0,0,0.0,1,4.99,BUSY
10:52:15,100,6,82.4,71.5,0,0.0,0,4.99,BUSY
10:52:16,0,6,20.9,16.9,0,0.0,0,4.99,BUSY
10:52:17,99,6,2.0,2.0,0,0.0,1,4.99,BUSY
10:52:18,100,6,5.0,3.0,0,0.0,2,4.91,BUSY
10:52:19,0,6,2.0,2.0,0,0.0,3,4.91,QUIET
10:52:20,100,6,2.0,2.0,0,0.0,4,4.91,QUIET
10:52:21,73,6,13.9,12.9,0,0.0,0,4.91,BUSY
10:52:22,100,6,10.9,9.9,0,0.0,0,4.91,BUSY
10:52:23,0,6,6.0,5.0,0,0.0,1,4.76,BUSY
10:52:24,82,6,8.9,8.9,0,0.0,0,4.76,BUSY
10:52:25,74,6,9.9,6.0,0,0.0,0,4.76,BUSY
10:52:26,23,6,21.8,17.9,0,0.0,0,4.76,BUSY
10:52:27,100,6,26.8,17.9,0,0.0,0,4.76,BUSY
10:52:28,0,6,21.9,17.9,0,0.0,0,4.78,BUSY
10:52:29,0,6,19.9,8.9,0,0.0,0,4.78,BUSY
10:52:30,97,6,29.8,27.8,0,0.0,0,4.78,BUSY
10:52:31,0,6,15.9,13.9,0,0.0,0,4.78,BUSY
10:52:32,59,6,4.0,3.0,0,0.0,1,4.78,BUSY
10:52:33,100,6,3.0,3.0,0,0.0,2,4.80,BUSY
10:52:34,54,6,4.0,3.0,0,0.0,3,4.80,QUIET
10:52:35,99,6,10.9,10.9,0,0.0,0,4.80,BUSY
10:52:36,0,6,3.0,2.0,0,0.0,1,4.80,BUSY
10:52:37,0,6,12.9,12.9,0,0.0,0,4.80,BUSY
10:52:38,100,6,9.9,7.0,0,0.0,0,4.97,BUSY
10:52:39,0,6,2.0,2.0,0,0.0,1,4.97,BUSY
10:52:40,100,6,21.8,11.9,0,0.0,0,4.97,BUSY
10:52:41,0,6,17.9,15.9,0,0.0,0,4.97,BUSY
10:52:42,0,6,23.9,14.9,0,0.0,0,4.97,BUSY
10:52:43,99,6,0.0,0.0,0,0.0,1,4.98,BUSY
10:52:44,0,6,94.4,75.5,0,0.0,0,4.98,BUSY
10:52:45,0,6,13.9,11.9,0,0.0,0,4.98,BUSY
10:52:46,94,6,1.0,1.0,0,0.0,1,4.98,BUSY
10:52:47,0,6,9.9,8.9,0,0.0,0,4.98,BUSY
10:52:48,100,6,7.0,5.0,0,0.0,1,4.98,BUSY
10:52:49,0,6,6.9,6.0,0,0.0,0,4.98,BUSY
10:52:50,0,6,5.9,3.0,0,0.0,1,4.98,BUSY
10:52:51,76,6,22.9,20.9,0,0.0,0,4.98,BUSY
10:52:52,0,6,20.9,11.9,0,0.0,0,4.98,BUSY
10:52:53,92,6,23.9,19.9,0,0.0,0,4.82,BUSY
10:52:54,0,6,29.8,19.9,0,0.0,0,4.82,BUSY
10:52:55,100,0,0.0,0.0,0,0.0,1,4.82,BUSY
10:52:56,96,6,0.0,0.0,0,0.0,2,4.82,BUSY
10:52:57,0,6,16.9,14.9,0,0.0,0,4.82,BUSY
10:52:58,38,6,20.9,17.9,0,0.0,0,5.07,BUSY
10:52:59,97,6,11.9,9.9,0,0.0,0,5.07,BUSY
10:53:00,0,6,1.0,1.0,0,0.0,1,5.07,BUSY
10:53:01,0,6,1.0,1.0,0,0.0,2,5.07,BUSY
10:53:02,0,6,16.9,14.9,0,0.0,0,5.07,BUSY
10:53:03,88,6,4.0,3.0,0,0.0,1,4.91,BUSY
10:53:04,100,6,8.9,8.9,0,0.0,0,4.91,BUSY
10:53:05,99,6,13.9,11.9,0,0.0,0,4.91,BUSY
10:53:06,100,6,13.9,11.9,0,0.0,0,4.91,BUSY
10:53:07,0,6,8.9,7.0,0,0.0,0,4.91,BUSY
10:53:08,100,6,0.0,0.0,0,0.0,1,4.92,BUSY
10:53:09,92,0,0.0,0.0,0,0.0,2,4.92,BUSY
10:53:10,0,0,0.0,0.0,0,0.0,3,4.92,QUIET
10:53:11,100,6,0.0,0.0,0,0.0,4,4.92,QUIET
10:53:12,64,6,15.9,12.9,0,0.0,0,4.92,BUSY
10:53:13,100,6,1.0,1.0,0,0.0,1,4.92,BUSY
10:53:14,0,6,9.9,9.9,0,0.0,0,4.92,BUSY
10:53:15,0,6,6.0,5.0,0,0.0,1,4.92,BUSY
10:53:16,0,6,9.9,8.9,0,0.0,0,4.92,BUSY
10:53:17,0,6,1.0,1.0,0,0.0,1,4.92,BUSY
10:53:18,0,6,12.9,8.0,0,0.0,0,4.77,BUSY
10:53:19,100,6,17.9,15.9,0,0.0,0,4.77,BUSY
10:53:20,100,6,12.9,11.9,0,0.0,0,4.77,BUSY
10:53:21,0,6,10.9,8.9,0,0.0,0,4.77,BUSY
10:53:22,100,6,10.9,8.0,0,0.0,0,4.77,BUSY
10:53:23,0,6,7.9,6.0,0,0.0,0,4.71,BUSY
10:53:24,100,6,0.0,0.0,0,0.0,1,4.71,BUSY
10:53:25,0,6,41.7,33.8,0,0.0,0,4.71,BUSY
10:53:26,0,6,12.9,11.9,0,0.0,0,4.71,BUSY
10:53:27,100,6,3.0,3.0,0,0.0,1,4.71,BUSY
10:53:28,27,6,5.0,4.0,0,0.0,2,4.57,BUSY
10:53:29,23,6,6.0,6.0,0,0.0,0,4.57,BUSY
10:53:30,93,6,11.9,6.0,0,0.0,0,4.57,BUSY
10:53:31,0,6,23.9,19.9,0,0.0,0,4.57,BUSY
10:53:32,0,6,23.9,19.9,0,0.0,0,4.57,BUSY
10:53:33,0,6,40.8,19.9,0,0.0,0,4.28,BUSY
10:53:34,0,6,21.9,18.9,0,0.0,0,4.28,BUSY
10:53:35,0,0,0.0,0.0,0,0.0,1,4.28,BUSY
10:53:36,81,6,0.0,0.0,0,0.0,2,4.28,BUSY
10:53:37,24,6,11.9,10.9,0,0.0,0,4.28,BUSY
10:53:38,0,6,1.0,1.0,0,0.0,1,4.10,BUSY
10:53:39,97,6,9.0,8.0,0,0.0,0,4.10,BUSY
10:53:40,100,6,2.0,2.0,0,0.0,1,4.10,BUSY
10:53:41,0,6,4.0,3.0,0,0.0,2,4.10,BUSY
10:53:42,100,6,1.0,1.0,0,0.0,3,4.10,QUIET
10:53:43,21,6,2.0,2.0,0,0.0,4,3.85,QUIET
10:53:44,100,6,2.0,1.0,0,0.0,5,3.85,QUIET
10:53:45,100,6,24.8,17.9,0,0.0,0,3.85,BUSY
10:53:46,0,6,18.9,16.9,0,0.0,0,3.85,BUSY
10:53:47,0,6,38.8,19.9,0,0.0,0,3.85,BUSY
10:53:48,0,6,0.0,0.0,0,0.0,1,3.70,BUSY
10:53:49,0,6,18.9,16.9,0,0.0,0,3.70,BUSY
10:53:50,0,6,1.0,1.0,0,0.0,1,3.70,BUSY
10:53:51,100,6,2.0,1.0,0,0.0,2,3.70,BUSY
10:53:52,0,6,3.0,2.0,0,0.0,3,3.70,QUIET
10:53:53,99,6,1.0,1.0,0,0.0,4,3.57,QUIET
10:53:54,99,6,15.9,15.9,0,0.0,0,3.57,BUSY
10:53:55,99,6,8.0,7.0,0,0.0,0,3.57,BUSY
10:53:56,100,6,2.0,1.0,0,0.0,1,3.57,BUSY
