time,reason,gpu,metric,scope,sum,count,bucket_count,histogram_type,range
2026-08-10 09:19:23,aborted-session,0x10de:0x2684/nvidia/unknown,CHECKERBOARD_POTENTIAL_DURATION,parent,732,,50,0,"[1, 1000000]"
2026-08-10 09:19:23,aborted-session,0x10de:0x2684/nvidia/unknown,COMPOSITE_TIME,parent,11252,,50,0,"[1, 1000]"
2026-08-10 09:19:23,aborted-session,0x10de:0x2684/nvidia/unknown,CONTENT_FRAME_TIME,parent,367954,,50,0,"[1, 5000]"
2026-08-10 09:19:23,aborted-session,0x10de:0x2684/nvidia/unknown,CONTENT_FRAME_TIME_VSYNC,parent,385919,,100,1,"[8, 792]"
2026-08-10 09:19:23,aborted-session,0x10de:0x2684/nvidia/unknown,CONTENT_FRAME_TIME_WITH_SVG,parent,237104,,50,0,"[1, 5000]"
2026-08-10 09:19:23,aborted-session,0x10de:0x2684/nvidia/unknown,CONTENT_FULL_PAINT_TIME,parent,1201,,50,0,"[1, 1000]"
2026-08-10 09:19:23,aborted-session,0x10de:0x2684/nvidia/unknown,CONTENT_PAINT_TIME,content,293,,50,0,"[1, 1000]"
2026-08-10 09:19:23,aborted-session,0x10de:0x2684/nvidia/unknown,CONTENT_PAINT_TIME,extension,0,0,50,0,"[1, 1000]"
2026-08-10 09:19:23,environment-change,0x10de:0x2684/nvidia/unknown,CHECKERBOARD_POTENTIAL_DURATION,parent,732,,50,0,"[1, 1000000]"
2026-08-10 09:19:23,environment-change,0x10de:0x2684/nvidia/unknown,COMPOSITE_TIME,parent,11252,,50,0,"[1, 1000]"
2026-08-10 09:19:23,environment-change,0x10de:0x2684/nvidia/unknown,CONTENT_FRAME_TIME,parent,367954,,50,0,"[1, 5000]"
2026-08-10 09:19:23,environment-change,0x10de:0x2684/nvidia/unknown,CONTENT_FRAME_TIME_VSYNC,parent,385919,,100,1,"[8, 792]"
2026-08-10 09:19:23,environment-change,0x10de:0x2684/nvidia/unknown,CONTENT_FRAME_TIME_WITH_SVG,parent,237104,,50,0,"[1, 5000]"
2026-08-10 09:19:23,environment-change,0x10de:0x2684/nvidia/unknown,CONTENT_FULL_PAINT_TIME,parent,1201,,50,0,"[1, 1000]"
2026-08-10 09:19:23,environment-change,0x10de:0x2684/nvidia/unknown,CONTENT_PAINT_TIME,content,293,,50,0,"[1, 1000]"
2026-08-10 09:19:23,environment-change,0x10de:0x2684/nvidia/unknown,CONTENT_PAINT_TIME,extension,0,0,50,0,"[1, 1000]"
2026-08-10 09:26:13,aborted-session,0x10de:0x2684/nvidia/unknown,CHECKERBOARD_POTENTIAL_DURATION,parent,516,,50,0,"[1, 1000000]"
2026-08-10 09:26:13,aborted-session,0x10de:0x2684/nvidia/unknown,COMPOSITE_TIME,parent,2643,,50,0,"[1, 1000]"
2026-08-10 09:26:13,aborted-session,0x10de:0x2684/nvidia/unknown,CONTENT_FRAME_TIME,parent,134067,,50,0,"[1, 5000]"
2026-08-10 09:26:13,aborted-session,0x10de:0x2684/nvidia/unknown,CONTENT_FRAME_TIME_VSYNC,parent,153287,,100,1,"[8, 792]"
2026-08-10 09:26:13,aborted-session,0x10de:0x2684/nvidia/unknown,CONTENT_FRAME_TIME_WITH_SVG,parent,148737,,50,0,"[1, 5000]"
2026-08-10 09:26:13,aborted-session,0x10de:0x2684/nvidia/unknown,CONTENT_FULL_PAINT_TIME,parent,1165,,50,0,"[1, 1000]"
2026-08-10 09:26:13,aborted-session,0x10de:0x2684/nvidia/unknown,CONTENT_PAINT_TIME,content,305,,50,0,"[1, 1000]"
2026-08-10 09:26:13,aborted-session,0x10de:0x2684/nvidia/unknown,CONTENT_PAINT_TIME,extension,0,0,50,0,"[1, 1000]"
2026-08-10 09:26:13,aborted-session,0x10de:0x2684/nvidia/unknown,SCROLL_PRESENT_LATENCY,parent,185,,100,0,"[1, 20000]"
2026-08-10 09:51:43,shutdown,0x10de:0x2684/nvidia/unknown,CHECKERBOARD_DURATION,parent,91887,,50,0,"[1, 100000]"
2026-08-10 09:51:43,shutdown,0x10de:0x2684/nvidia/unknown,CHECKERBOARD_PEAK,parent,3005909,,50,0,"[1, 66355200]"
2026-08-10 09:51:43,shutdown,0x10de:0x2684/nvidia/unknown,CHECKERBOARD_POTENTIAL_DURATION,parent,115300,,50,0,"[1, 1000000]"
2026-08-10 09:51:43,shutdown,0x10de:0x2684/nvidia/unknown,CHECKERBOARD_SEVERITY,parent,71825,,50,0,"[1, 1073741824]"
2026-08-10 09:51:43,shutdown,0x10de:0x2684/nvidia/unknown,COMPOSITE_TIME,parent,31434,,50,0,"[1, 1000]"
2026-08-10 09:51:43,shutdown,0x10de:0x2684/nvidia/unknown,CONTENT_FRAME_TIME,parent,3050337,,50,0,"[1, 5000]"
2026-08-10 09:51:43,shutdown,0x10de:0x2684/nvidia/unknown,CONTENT_FRAME_TIME_VSYNC,parent,3287596,,100,1,"[8, 792]"
2026-08-10 09:51:43,shutdown,0x10de:0x2684/nvidia/unknown,CONTENT_FRAME_TIME_WITH_SVG,parent,2362846,,50,0,"[1, 5000]"
2026-08-10 09:51:43,shutdown,0x10de:0x2684/nvidia/unknown,CONTENT_FULL_PAINT_TIME,parent,8797,,50,0,"[1, 1000]"
2026-08-10 09:51:43,shutdown,0x10de:0x2684/nvidia/unknown,CONTENT_PAINT_TIME,content,4502,,50,0,"[1, 1000]"
2026-08-10 09:51:43,shutdown,0x10de:0x2684/nvidia/unknown,CONTENT_PAINT_TIME,extension,0,0,50,0,"[1, 1000]"
2026-08-10 09:51:43,shutdown,0x10de:0x2684/nvidia/unknown,SCROLL_PRESENT_LATENCY,parent,13698,,100,0,"[1, 20000]"
2026-08-10 16:00:00,daily,0x10de:0x2684/nvidia/unknown,CHECKERBOARD_DURATION,parent,34,,50,0,"[1, 100000]"
2026-08-10 16:00:00,daily,0x10de:0x2684/nvidia/unknown,CHECKERBOARD_PEAK,parent,99332,,50,0,"[1, 66355200]"
2026-08-10 16:00:00,daily,0x10de:0x2684/nvidia/unknown,CHECKERBOARD_POTENTIAL_DURATION,parent,2530,,50,0,"[1, 1000000]"
2026-08-10 16:00:00,daily,0x10de:0x2684/nvidia/unknown,CHECKERBOARD_SEVERITY,parent,1813,,50,0,"[1, 1073741824]"
2026-08-10 16:00:00,daily,0x10de:0x2684/nvidia/unknown,COMPOSITE_TIME,parent,2822,,50,0,"[1, 1000]"
2026-08-10 16:00:00,daily,0x10de:0x2684/nvidia/unknown,CONTENT_FRAME_TIME,parent,15117894,,50,0,"[1, 5000]"
2026-08-10 16:00:00,daily,0x10de:0x2684/nvidia/unknown,CONTENT_FRAME_TIME_VSYNC,parent,806707,,100,1,"[8, 792]"
2026-08-10 16:00:00,daily,0x10de:0x2684/nvidia/unknown,CONTENT_FRAME_TIME_WITH_SVG,parent,553656,,50,0,"[1, 5000]"
2026-08-10 16:00:00,daily,0x10de:0x2684/nvidia/unknown,CONTENT_FULL_PAINT_TIME,parent,526,,50,0,"[1, 1000]"
2026-08-10 16:00:00,daily,0x10de:0x2684/nvidia/unknown,CONTENT_PAINT_TIME,content,177,,50,0,"[1, 1000]"
2026-08-10 16:00:00,daily,0x10de:0x2684/nvidia/unknown,CONTENT_PAINT_TIME,extension,0,0,50,0,"[1, 1000]"
2026-08-10 16:00:00,daily,0x10de:0x2684/nvidia/unknown,SCROLL_PRESENT_LATENCY,parent,1467,,100,0,"[1, 20000]"
2026-08-11 09:09:11,environment-change,0x10de:0x2684/nvidia/unknown,CHECKERBOARD_DURATION,parent,634,,50,0,"[1, 100000]"
2026-08-11 09:09:11,environment-change,0x10de:0x2684/nvidia/unknown,CHECKERBOARD_PEAK,parent,2538999,,50,0,"[1, 66355200]"
2026-08-11 09:09:11,environment-change,0x10de:0x2684/nvidia/unknown,CHECKERBOARD_POTENTIAL_DURATION,parent,15846,,50,0,"[1, 1000000]"
2026-08-11 09:09:11,environment-change,0x10de:0x2684/nvidia/unknown,CHECKERBOARD_SEVERITY,parent,26779,,50,0,"[1, 1073741824]"
2026-08-11 09:09:11,environment-change,0x10de:0x2684/nvidia/unknown,COMPOSITE_TIME,parent,22878,,50,0,"[1, 1000]"
2026-08-11 09:09:11,environment-change,0x10de:0x2684/nvidia/unknown,CONTENT_FRAME_TIME,parent,1995951192,,50,0,"[1, 5000]"
2026-08-11 09:09:11,environment-change,0x10de:0x2684/nvidia/unknown,CONTENT_FRAME_TIME_VSYNC,parent,379130048,,100,1,"[8, 792]"
2026-08-11 09:09:11,environment-change,0x10de:0x2684/nvidia/unknown,CONTENT_FRAME_TIME_WITH_SVG,parent,205672907,,50,0,"[1, 5000]"
2026-08-11 09:09:11,environment-change,0x10de:0x2684/nvidia/unknown,CONTENT_FULL_PAINT_TIME,parent,9227,,50,0,"[1, 1000]"
2026-08-11 09:09:11,environment-change,0x10de:0x2684/nvidia/unknown,CONTENT_PAINT_TIME,content,3325,,50,0,"[1, 1000]"
2026-08-11 09:09:11,environment-change,0x10de:0x2684/nvidia/unknown,SCROLL_PRESENT_LATENCY,parent,10378,,100,0,"[1, 20000]"
2026-08-11 16:00:00,daily,0x10de:0x2684/nvidia/unknown,CHECKERBOARD_DURATION,parent,913,,50,0,"[1, 100000]"
2026-08-11 16:00:00,daily,0x10de:0x2684/nvidia/unknown,CHECKERBOARD_PEAK,parent,3101377,,50,0,"[1, 66355200]"
2026-08-11 16:00:00,daily,0x10de:0x2684/nvidia/unknown,CHECKERBOARD_POTENTIAL_DURATION,parent,135968,,50,0,"[1, 1000000]"
2026-08-11 16:00:00,daily,0x10de:0x2684/nvidia/unknown,CHECKERBOARD_SEVERITY,parent,41649,,50,0,"[1, 1073741824]"
2026-08-11 16:00:00,daily,0x10de:0x2684/nvidia/unknown,COMPOSITE_TIME,parent,10259448,,50,0,"[1, 1000]"
2026-08-11 16:00:00,daily,0x10de:0x2684/nvidia/unknown,CONTENT_FRAME_TIME,parent,357182284,,50,0,"[1, 5000]"
2026-08-11 16:00:00,daily,0x10de:0x2684/nvidia/unknown,CONTENT_FRAME_TIME_VSYNC,parent,336446476,,100,1,"[8, 792]"
2026-08-11 16:00:00,daily,0x10de:0x2684/nvidia/unknown,CONTENT_FRAME_TIME_WITH_SVG,parent,261183305,,50,0,"[1, 5000]"
2026-08-11 16:00:00,daily,0x10de:0x2684/nvidia/unknown,CONTENT_FULL_PAINT_TIME,parent,3288421,,50,0,"[1, 1000]"
2026-08-11 16:00:00,daily,0x10de:0x2684/nvidia/unknown,CONTENT_PAINT_TIME,content,655628,,50,0,"[1, 1000]"
2026-08-11 16:00:00,daily,0x10de:0x2684/nvidia/unknown,SCROLL_PRESENT_LATENCY,parent,64555,,100,0,"[1, 20000]"
2026-08-12 02:53:13,aborted-session,0x10de:0x2684/nvidia/unknown,CHECKERBOARD_DURATION,parent,232,,50,0,"[1, 100000]"
2026-08-12 02:53:13,aborted-session,0x10de:0x2684/nvidia/unknown,CHECKERBOARD_PEAK,parent,479220,,50,0,"[1, 66355200]"
2026-08-12 02:53:13,aborted-session,0x10de:0x2684/nvidia/unknown,CHECKERBOARD_POTENTIAL_DURATION,parent,23565,,50,0,"[1, 1000000]"
2026-08-12 02:53:13,aborted-session,0x10de:0x2684/nvidia/unknown,CHECKERBOARD_SEVERITY,parent,8781,,50,0,"[1, 1073741824]"
2026-08-12 02:53:13,aborted-session,0x10de:0x2684/nvidia/unknown,COMPOSITE_TIME,parent,17440499,,50,0,"[1, 1000]"
2026-08-12 02:53:13,aborted-session,0x10de:0x2684/nvidia/unknown,CONTENT_FRAME_TIME,parent,307979227,,50,0,"[1, 5000]"
2026-08-12 02:53:13,aborted-session,0x10de:0x2684/nvidia/unknown,CONTENT_FRAME_TIME_VSYNC,parent,318961522,,100,1,"[8, 792]"
2026-08-12 02:53:13,aborted-session,0x10de:0x2684/nvidia/unknown,CONTENT_FRAME_TIME_WITH_SVG,parent,318951713,,50,0,"[1, 5000]"
2026-08-12 02:53:13,aborted-session,0x10de:0x2684/nvidia/unknown,CONTENT_FULL_PAINT_TIME,parent,5647234,,50,0,"[1, 1000]"
2026-08-12 02:53:13,aborted-session,0x10de:0x2684/nvidia/unknown,CONTENT_PAINT_TIME,content,1098553,,50,0,"[1, 1000]"
2026-08-12 02:53:13,aborted-session,0x10de:0x2684/nvidia/unknown,SCROLL_PRESENT_LATENCY,parent,13074,,100,0,"[1, 20000]"
2026-08-12 16:00:00,daily,0x10de:0x2684/nvidia/unknown,CHECKERBOARD_DURATION,parent,18796,,50,0,"[1, 100000]"
2026-08-12 16:00:00,daily,0x10de:0x2684/nvidia/unknown,CHECKERBOARD_PEAK,parent,4923629,,50,0,"[1, 66355200]"
2026-08-12 16:00:00,daily,0x10de:0x2684/nvidia/unknown,CHECKERBOARD_POTENTIAL_DURATION,parent,110210,,50,0,"[1, 1000000]"
2026-08-12 16:00:00,daily,0x10de:0x2684/nvidia/unknown,CHECKERBOARD_SEVERITY,parent,162484,,50,0,"[1, 1073741824]"
2026-08-12 16:00:00,daily,0x10de:0x2684/nvidia/unknown,COMPOSITE_TIME,parent,113145,,50,0,"[1, 1000]"
2026-08-12 16:00:00,daily,0x10de:0x2684/nvidia/unknown,CONTENT_FRAME_TIME,parent,221655494,,50,0,"[1, 5000]"
2026-08-12 16:00:00,daily,0x10de:0x2684/nvidia/unknown,CONTENT_FRAME_TIME_VSYNC,parent,163840212,,100,1,"[8, 792]"
2026-08-12 16:00:00,daily,0x10de:0x2684/nvidia/unknown,CONTENT_FRAME_TIME_WITH_SVG,parent,130282341,,50,0,"[1, 5000]"
2026-08-12 16:00:00,daily,0x10de:0x2684/nvidia/unknown,CONTENT_FULL_PAINT_TIME,parent,51506,,50,0,"[1, 1000]"
2026-08-12 16:00:00,daily,0x10de:0x2684/nvidia/unknown,CONTENT_PAINT_TIME,content,20788,,50,0,"[1, 1000]"
2026-08-12 16:00:00,daily,0x10de:0x2684/nvidia/unknown,CONTENT_PAINT_TIME,extension,0,0,50,0,"[1, 1000]"
2026-08-12 16:00:00,daily,0x10de:0x2684/nvidia/unknown,SCROLL_PRESENT_LATENCY,parent,31365,,100,0,"[1, 20000]"
2026-08-13 16:00:00,daily,0x10de:0x2684/nvidia/unknown,CHECKERBOARD_DURATION,parent,565,,50,0,"[1, 100000]"
2026-08-13 16:00:00,daily,0x10de:0x2684/nvidia/unknown,CHECKERBOARD_PEAK,parent,2322900,,50,0,"[1, 66355200]"
2026-08-13 16:00:00,daily,0x10de:0x2684/nvidia/unknown,CHECKERBOARD_POTENTIAL_DURATION,parent,57299,,50,0,"[1, 1000000]"
2026-08-13 16:00:00,daily,0x10de:0x2684/nvidia/unknown,CHECKERBOARD_SEVERITY,parent,24211,,50,0,"[1, 1073741824]"
2026-08-13 16:00:00,daily,0x10de:0x2684/nvidia/unknown,COMPOSITE_TIME,parent,57763,,50,0,"[1, 1000]"
2026-08-13 16:00:00,daily,0x10de:0x2684/nvidia/unknown,CONTENT_FRAME_TIME,parent,358677562,,50,0,"[1, 5000]"
2026-08-13 16:00:00,daily,0x10de:0x2684/nvidia/unknown,CONTENT_FRAME_TIME_VSYNC,parent,236911481,,100,1,"[8, 792]"
2026-08-13 16:00:00,daily,0x10de:0x2684/nvidia/unknown,CONTENT_FRAME_TIME_WITH_SVG,parent,6892779,,50,0,"[1, 5000]"
2026-08-13 16:00:00,daily,0x10de:0x2684/nvidia/unknown,CONTENT_FULL_PAINT_TIME,parent,19889,,50,0,"[1, 1000]"
2026-08-13 16:00:00,daily,0x10de:0x2684/nvidia/unknown,CONTENT_PAINT_TIME,content,7835,,50,0,"[1, 1000]"
2026-08-13 16:00:00,daily,0x10de:0x2684/nvidia/unknown,SCROLL_PRESENT_LATENCY,parent,19462,,100,0,"[1, 20000]"
2026-08-14 16:00:00,daily,0x10de:0x2684/nvidia/unknown,CHECKERBOARD_DURATION,parent,1757,,50,0,"[1, 100000]"
2026-08-14 16:00:00,daily,0x10de:0x2684/nvidia/unknown,CHECKERBOARD_PEAK,parent,10783997,,50,0,"[1, 66355200]"
2026-08-14 16:00:00,daily,0x10de:0x2684/nvidia/unknown,CHECKERBOARD_POTENTIAL_DURATION,parent,185325,,50,0,"[1, 1000000]"
2026-08-14 16:00:00,daily,0x10de:0x2684/nvidia/unknown,CHECKERBOARD_SEVERITY,parent,93571,,50,0,"[1, 1073741824]"
2026-08-14 16:00:00,daily,0x10de:0x2684/nvidia/unknown,COMPOSITE_TIME,parent,351899,,50,0,"[1, 1000]"
2026-08-14 16:00:00,daily,0x10de:0x2684/nvidia/unknown,CONTENT_FRAME_TIME,parent,886231176,,50,0,"[1, 5000]"
2026-08-14 16:00:00,daily,0x10de:0x2684/nvidia/unknown,CONTENT_FRAME_TIME_VSYNC,parent,555040833,,100,1,"[8, 792]"
2026-08-14 16:00:00,daily,0x10de:0x2684/nvidia/unknown,CONTENT_FRAME_TIME_WITH_SVG,parent,10335010,,50,0,"[1, 5000]"
2026-08-14 16:00:00,daily,0x10de:0x2684/nvidia/unknown,CONTENT_FULL_PAINT_TIME,parent,102721,,50,0,"[1, 1000]"
2026-08-14 16:00:00,daily,0x10de:0x2684/nvidia/unknown,CONTENT_PAINT_TIME,content,48246,,50,0,"[1, 1000]"
2026-08-14 16:00:00,daily,0x10de:0x2684/nvidia/unknown,SCROLL_PRESENT_LATENCY,parent,74570,,100,0,"[1, 20000]"
2026-08-15 16:00:00,daily,0x10de:0x2684/nvidia/unknown,CHECKERBOARD_DURATION,parent,831,,50,0,"[1, 100000]"
2026-08-15 16:00:00,daily,0x10de:0x2684/nvidia/unknown,CHECKERBOARD_PEAK,parent,3637130,,50,0,"[1, 66355200]"
2026-08-15 16:00:00,daily,0x10de:0x2684/nvidia/unknown,CHECKERBOARD_POTENTIAL_DURATION,parent,27638,,50,0,"[1, 1000000]"
2026-08-15 16:00:00,daily,0x10de:0x2684/nvidia/unknown,CHECKERBOARD_SEVERITY,parent,36780,,50,0,"[1, 1073741824]"
2026-08-15 16:00:00,daily,0x10de:0x2684/nvidia/unknown,COMPOSITE_TIME,parent,20097,,50,0,"[1, 1000]"
2026-08-15 16:00:00,daily,0x10de:0x2684/nvidia/unknown,CONTENT_FRAME_TIME,parent,1573710253,,50,0,"[1, 5000]"
2026-08-15 16:00:00,daily,0x10de:0x2684/nvidia/unknown,CONTENT_FRAME_TIME_VSYNC,parent,1056319408,,100,1,"[8, 792]"
2026-08-15 16:00:00,daily,0x10de:0x2684/nvidia/unknown,CONTENT_FRAME_TIME_WITH_SVG,parent,15341793,,50,0,"[1, 5000]"
2026-08-15 16:00:00,daily,0x10de:0x2684/nvidia/unknown,CONTENT_FULL_PAINT_TIME,parent,14708,,50,0,"[1, 1000]"
2026-08-15 16:00:00,daily,0x10de:0x2684/nvidia/unknown,CONTENT_PAINT_TIME,content,7804,,50,0,"[1, 1000]"
2026-08-15 16:00:00,daily,0x10de:0x2684/nvidia/unknown,SCROLL_PRESENT_LATENCY,parent,10879,,100,0,"[1, 20000]"
2026-08-16 16:00:00,daily,0x10de:0x2684/nvidia/unknown,COMPOSITE_TIME,parent,7416,,50,0,"[1, 1000]"
2026-08-16 16:00:00,daily,0x10de:0x2684/nvidia/unknown,CONTENT_FRAME_TIME,parent,9799,,50,0,"[1, 5000]"
2026-08-16 16:00:00,daily,0x10de:0x2684/nvidia/unknown,CONTENT_FRAME_TIME_VSYNC,parent,5592,,100,1,"[8, 792]"
2026-08-16 16:00:00,daily,0x10de:0x2684/nvidia/unknown,CONTENT_FRAME_TIME_WITH_SVG,parent,5592,,50,0,"[1, 5000]"
2026-08-16 16:00:00,daily,0x10de:0x2684/nvidia/unknown,CONTENT_FULL_PAINT_TIME,parent,265,,50,0,"[1, 1000]"
2026-08-16 16:00:00,daily,0x10de:0x2684/nvidia/unknown,CONTENT_PAINT_TIME,content,144,,50,0,"[1, 1000]"
2026-08-17 16:00:00,daily,0x10de:0x2684/nvidia/unknown,CHECKERBOARD_DURATION,parent,182,,50,0,"[1, 100000]"
2026-08-17 16:00:00,daily,0x10de:0x2684/nvidia/unknown,CHECKERBOARD_PEAK,parent,1288138,,50,0,"[1, 66355200]"
2026-08-17 16:00:00,daily,0x10de:0x2684/nvidia/unknown,CHECKERBOARD_POTENTIAL_DURATION,parent,27220,,50,0,"[1, 1000000]"
2026-08-17 16:00:00,daily,0x10de:0x2684/nvidia/unknown,CHECKERBOARD_SEVERITY,parent,11050,,50,0,"[1, 1073741824]"
2026-08-17 16:00:00,daily,0x10de:0x2684/nvidia/unknown,COMPOSITE_TIME,parent,32308,,50,0,"[1, 1000]"
2026-08-17 16:00:00,daily,0x10de:0x2684/nvidia/unknown,CONTENT_FRAME_TIME,parent,41441178,,50,0,"[1, 5000]"
2026-08-17 16:00:00,daily,0x10de:0x2684/nvidia/unknown,CONTENT_FRAME_TIME_VSYNC,parent,41534568,,100,1,"[8, 792]"
2026-08-17 16:00:00,daily,0x10de:0x2684/nvidia/unknown,CONTENT_FRAME_TIME_WITH_SVG,parent,24928386,,50,0,"[1, 5000]"
2026-08-17 16:00:00,daily,0x10de:0x2684/nvidia/unknown,CONTENT_FULL_PAINT_TIME,parent,19266,,50,0,"[1, 1000]"
2026-08-17 16:00:00,daily,0x10de:0x2684/nvidia/unknown,CONTENT_PAINT_TIME,content,11838,,50,0,"[1, 1000]"
2026-08-17 16:00:00,daily,0x10de:0x2684/nvidia/unknown,SCROLL_PRESENT_LATENCY,parent,7202,,100,0,"[1, 20000]"
2026-08-18 02:25:14,shutdown,0x10de:0x2684/nvidia/unknown,CHECKERBOARD_DURATION,parent,795,,50,0,"[1, 100000]"
2026-08-18 02:25:14,shutdown,0x10de:0x2684/nvidia/unknown,CHECKERBOARD_PEAK,parent,5941458,,50,0,"[1, 66355200]"
2026-08-18 02:25:14,shutdown,0x10de:0x2684/nvidia/unknown,CHECKERBOARD_POTENTIAL_DURATION,parent,10406,,50,0,"[1, 1000000]"
2026-08-18 02:25:14,shutdown,0x10de:0x2684/nvidia/unknown,CHECKERBOARD_SEVERITY,parent,50776,,50,0,"[1, 1073741824]"
2026-08-18 02:25:14,shutdown,0x10de:0x2684/nvidia/unknown,COMPOSITE_TIME,parent,9392,,50,0,"[1, 1000]"
2026-08-18 02:25:14,shutdown,0x10de:0x2684/nvidia/unknown,CONTENT_FRAME_TIME,parent,9255053728,,50,0,"[1, 5000]"
2026-08-18 02:25:14,shutdown,0x10de:0x2684/nvidia/unknown,CONTENT_FRAME_TIME_VSYNC,parent,7107584986,,100,1,"[8, 792]"
2026-08-18 02:25:14,shutdown,0x10de:0x2684/nvidia/unknown,CONTENT_FRAME_TIME_WITH_SVG,parent,4628024120,,50,0,"[1, 5000]"
2026-08-18 02:25:14,shutdown,0x10de:0x2684/nvidia/unknown,CONTENT_FULL_PAINT_TIME,parent,3612,,50,0,"[1, 1000]"
2026-08-18 02:25:14,shutdown,0x10de:0x2684/nvidia/unknown,CONTENT_PAINT_TIME,content,1369,,50,0,"[1, 1000]"
2026-08-18 02:25:14,shutdown,0x10de:0x2684/nvidia/unknown,SCROLL_PRESENT_LATENCY,parent,4621,,100,0,"[1, 20000]"
2026-08-18 02:47:23,shutdown,0x10de:0x2684/nvidia/unknown,COMPOSITE_TIME,parent,366,,50,0,"[1, 1000]"
2026-08-18 02:47:23,shutdown,0x10de:0x2684/nvidia/unknown,CONTENT_FRAME_TIME,parent,7558,,50,0,"[1, 5000]"
2026-08-18 02:47:23,shutdown,0x10de:0x2684/nvidia/unknown,CONTENT_FRAME_TIME_VSYNC,parent,7898,,100,1,"[8, 792]"
2026-08-18 02:47:23,shutdown,0x10de:0x2684/nvidia/unknown,CONTENT_FRAME_TIME_WITH_SVG,parent,3917,,50,0,"[1, 5000]"
2026-08-18 02:47:23,shutdown,0x10de:0x2684/nvidia/unknown,CONTENT_FULL_PAINT_TIME,parent,21,,50,0,"[1, 1000]"
2026-08-18 02:47:23,shutdown,0x10de:0x2684/nvidia/unknown,CONTENT_PAINT_TIME,content,0,0,50,0,"[1, 1000]"
2026-08-18 02:47:23,shutdown,0x10de:0x2684/nvidia/unknown,CONTENT_PAINT_TIME,extension,0,0,50,0,"[1, 1000]"
2026-08-18 02:47:55,shutdown,0x10de:0x2684/nvidia/unknown,CHECKERBOARD_POTENTIAL_DURATION,parent,5199,,50,0,"[1, 1000000]"
2026-08-18 02:47:55,shutdown,0x10de:0x2684/nvidia/unknown,COMPOSITE_TIME,parent,1049,,50,0,"[1, 1000]"
2026-08-18 02:47:55,shutdown,0x10de:0x2684/nvidia/unknown,CONTENT_FRAME_TIME,parent,37482,,50,0,"[1, 5000]"
2026-08-18 02:47:55,shutdown,0x10de:0x2684/nvidia/unknown,CONTENT_FRAME_TIME_VSYNC,parent,44853,,100,1,"[8, 792]"
2026-08-18 02:47:55,shutdown,0x10de:0x2684/nvidia/unknown,CONTENT_FRAME_TIME_WITH_SVG,parent,40796,,50,0,"[1, 5000]"
2026-08-18 02:47:55,shutdown,0x10de:0x2684/nvidia/unknown,CONTENT_FULL_PAINT_TIME,parent,739,,50,0,"[1, 1000]"
2026-08-18 02:47:55,shutdown,0x10de:0x2684/nvidia/unknown,CONTENT_PAINT_TIME,content,442,,50,0,"[1, 1000]"
2026-08-18 02:47:55,shutdown,0x10de:0x2684/nvidia/unknown,CONTENT_PAINT_TIME,extension,0,0,50,0,"[1, 1000]"
2026-08-18 02:47:55,shutdown,0x10de:0x2684/nvidia/unknown,SCROLL_PRESENT_LATENCY,parent,1451,,100,0,"[1, 20000]"
2026-08-18 02:53:56,environment-change,0x10de:0x2684/nvidia/unknown,COMPOSITE_TIME,parent,8792,,50,0,"[1, 1000]"
2026-08-18 02:53:56,environment-change,0x10de:0x2684/nvidia/unknown,CONTENT_FRAME_TIME,parent,3400976,,50,0,"[1, 5000]"
2026-08-18 02:53:56,environment-change,0x10de:0x2684/nvidia/unknown,CONTENT_FRAME_TIME_VSYNC,parent,3520860,,100,1,"[8, 792]"
2026-08-18 02:53:56,environment-change,0x10de:0x2684/nvidia/unknown,CONTENT_FRAME_TIME_WITH_SVG,parent,2763227,,50,0,"[1, 5000]"
2026-08-18 02:53:56,environment-change,0x10de:0x2684/nvidia/unknown,CONTENT_FULL_PAINT_TIME,parent,21360,,50,0,"[1, 1000]"
2026-08-18 02:53:56,environment-change,0x10de:0x2684/nvidia/unknown,CONTENT_PAINT_TIME,content,11896,,50,0,"[1, 1000]"
2026-08-18 02:53:56,environment-change,0x10de:0x2684/nvidia/unknown,CONTENT_PAINT_TIME,extension,0,0,50,0,"[1, 1000]"
2026-08-18 03:10:54,shutdown,0x10de:0x2684/nvidia/unknown,COMPOSITE_TIME,parent,342,,50,0,"[1, 1000]"
2026-08-18 03:10:54,shutdown,0x10de:0x2684/nvidia/unknown,CONTENT_FRAME_TIME,parent,32813557,,50,0,"[1, 5000]"
2026-08-18 03:10:54,shutdown,0x10de:0x2684/nvidia/unknown,CONTENT_FRAME_TIME_VSYNC,parent,31777342,,100,1,"[8, 792]"
2026-08-18 03:10:54,shutdown,0x10de:0x2684/nvidia/unknown,CONTENT_FRAME_TIME_WITH_SVG,parent,25422630,,50,0,"[1, 5000]"
2026-08-18 03:10:54,shutdown,0x10de:0x2684/nvidia/unknown,CONTENT_FULL_PAINT_TIME,parent,453,,50,0,"[1, 1000]"
2026-08-18 03:10:54,shutdown,0x10de:0x2684/nvidia/unknown,CONTENT_PAINT_TIME,content,295,,50,0,"[1, 1000]"
2026-08-18 03:11:22,shutdown,0x10de:0x2684/nvidia/unknown,CHECKERBOARD_DURATION,parent,84,,50,0,"[1, 100000]"
2026-08-18 03:11:22,shutdown,0x10de:0x2684/nvidia/unknown,CHECKERBOARD_PEAK,parent,696464,,50,0,"[1, 66355200]"
2026-08-18 03:11:22,shutdown,0x10de:0x2684/nvidia/unknown,CHECKERBOARD_POTENTIAL_DURATION,parent,1549,,50,0,"[1, 1000000]"
2026-08-18 03:11:22,shutdown,0x10de:0x2684/nvidia/unknown,CHECKERBOARD_SEVERITY,parent,5190,,50,0,"[1, 1073741824]"
2026-08-18 03:11:22,shutdown,0x10de:0x2684/nvidia/unknown,COMPOSITE_TIME,parent,304,,50,0,"[1, 1000]"
2026-08-18 03:11:22,shutdown,0x10de:0x2684/nvidia/unknown,CONTENT_FRAME_TIME,parent,16979,,50,0,"[1, 5000]"
2026-08-18 03:11:22,shutdown,0x10de:0x2684/nvidia/unknown,CONTENT_FRAME_TIME_VSYNC,parent,15169,,100,1,"[8, 792]"
2026-08-18 03:11:22,shutdown,0x10de:0x2684/nvidia/unknown,CONTENT_FULL_PAINT_TIME,parent,85,,50,0,"[1, 1000]"
2026-08-18 03:11:22,shutdown,0x10de:0x2684/nvidia/unknown,CONTENT_PAINT_TIME,content,11,,50,0,"[1, 1000]"
2026-08-18 03:11:22,shutdown,0x10de:0x2684/nvidia/unknown,CONTENT_PAINT_TIME,extension,0,0,50,0,"[1, 1000]"
2026-08-18 03:11:22,shutdown,0x10de:0x2684/nvidia/unknown,SCROLL_PRESENT_LATENCY,parent,850,,100,0,"[1, 20000]"
2026-08-18 05:18:22,shutdown,0x10de:0x2684/nvidia/unknown,COMPOSITE_TIME,parent,356,,50,0,"[1, 1000]"
2026-08-18 05:18:22,shutdown,0x10de:0x2684/nvidia/unknown,CONTENT_FRAME_TIME,parent,8654,,50,0,"[1, 5000]"
2026-08-18 05:18:22,shutdown,0x10de:0x2684/nvidia/unknown,CONTENT_FRAME_TIME_VSYNC,parent,11433,,100,1,"[8, 792]"
2026-08-18 05:18:22,shutdown,0x10de:0x2684/nvidia/unknown,CONTENT_FRAME_TIME_WITH_SVG,parent,7922,,50,0,"[1, 5000]"
2026-08-18 05:18:22,shutdown,0x10de:0x2684/nvidia/unknown,CONTENT_FULL_PAINT_TIME,parent,179,,50,0,"[1, 1000]"
2026-08-18 05:18:22,shutdown,0x10de:0x2684/nvidia/unknown,CONTENT_PAINT_TIME,content,56,,50,0,"[1, 1000]"
2026-08-18 05:18:22,shutdown,0x10de:0x2684/nvidia/unknown,CONTENT_PAINT_TIME,extension,0,0,50,0,"[1, 1000]"
2026-08-18 06:52:43,shutdown,0x10de:0x2684/nvidia/unknown,CHECKERBOARD_DURATION,parent,32,,50,0,"[1, 100000]"
2026-08-18 06:52:43,shutdown,0x10de:0x2684/nvidia/unknown,CHECKERBOARD_PEAK,parent,89744,,50,0,"[1, 66355200]"
2026-08-18 06:52:43,shutdown,0x10de:0x2684/nvidia/unknown,CHECKERBOARD_POTENTIAL_DURATION,parent,7917,,50,0,"[1, 1000000]"
2026-08-18 06:52:43,shutdown,0x10de:0x2684/nvidia/unknown,CHECKERBOARD_SEVERITY,parent,1729,,50,0,"[1, 1073741824]"
2026-08-18 06:52:43,shutdown,0x10de:0x2684/nvidia/unknown,COMPOSITE_TIME,parent,4667,,50,0,"[1, 1000]"
2026-08-18 06:52:43,shutdown,0x10de:0x2684/nvidia/unknown,CONTENT_FRAME_TIME,parent,159673977,,50,0,"[1, 5000]"
2026-08-18 06:52:43,shutdown,0x10de:0x2684/nvidia/unknown,CONTENT_FRAME_TIME_VSYNC,parent,66825744,,100,1,"[8, 792]"
2026-08-18 06:52:43,shutdown,0x10de:0x2684/nvidia/unknown,CONTENT_FRAME_TIME_WITH_SVG,parent,66814611,,50,0,"[1, 5000]"
2026-08-18 06:52:43,shutdown,0x10de:0x2684/nvidia/unknown,CONTENT_FULL_PAINT_TIME,parent,9152,,50,0,"[1, 1000]"
2026-08-18 06:52:43,shutdown,0x10de:0x2684/nvidia/unknown,CONTENT_PAINT_TIME,content,5707,,50,0,"[1, 1000]"
2026-08-18 06:52:43,shutdown,0x10de:0x2684/nvidia/unknown,CONTENT_PAINT_TIME,extension,0,0,50,0,"[1, 1000]"
2026-08-18 06:52:43,shutdown,0x10de:0x2684/nvidia/unknown,SCROLL_PRESENT_LATENCY,parent,2663,,100,0,"[1, 20000]"
2026-08-18 09:55:27,shutdown,0x10de:0x2684/nvidia/unknown,COMPOSITE_TIME,parent,635,,50,0,"[1, 1000]"
2026-08-18 09:55:27,shutdown,0x10de:0x2684/nvidia/unknown,CONTENT_FRAME_TIME,parent,37825,,50,0,"[1, 5000]"
2026-08-18 09:55:27,shutdown,0x10de:0x2684/nvidia/unknown,CONTENT_FRAME_TIME_VSYNC,parent,50665,,100,1,"[8, 792]"
2026-08-18 09:55:27,shutdown,0x10de:0x2684/nvidia/unknown,CONTENT_FRAME_TIME_WITH_SVG,parent,49811,,50,0,"[1, 5000]"
2026-08-18 09:55:27,shutdown,0x10de:0x2684/nvidia/unknown,CONTENT_FULL_PAINT_TIME,parent,831,,50,0,"[1, 1000]"
2026-08-18 09:55:27,shutdown,0x10de:0x2684/nvidia/unknown,CONTENT_PAINT_TIME,content,307,,50,0,"[1, 1000]"
2026-08-18 09:55:27,shutdown,0x10de:0x2684/nvidia/unknown,CONTENT_PAINT_TIME,extension,0,0,50,0,"[1, 1000]"
2026-08-18 10:29:02,shutdown,0x10de:0x2684/nvidia/unknown,CHECKERBOARD_DURATION,parent,1181,,50,0,"[1, 100000]"
2026-08-18 10:29:02,shutdown,0x10de:0x2684/nvidia/unknown,CHECKERBOARD_PEAK,parent,761368,,50,0,"[1, 66355200]"
2026-08-18 10:29:02,shutdown,0x10de:0x2684/nvidia/unknown,CHECKERBOARD_POTENTIAL_DURATION,parent,7279,,50,0,"[1, 1000000]"
2026-08-18 10:29:02,shutdown,0x10de:0x2684/nvidia/unknown,CHECKERBOARD_SEVERITY,parent,14017,,50,0,"[1, 1073741824]"
2026-08-18 10:29:02,shutdown,0x10de:0x2684/nvidia/unknown,COMPOSITE_TIME,parent,2599,,50,0,"[1, 1000]"
2026-08-18 10:29:02,shutdown,0x10de:0x2684/nvidia/unknown,CONTENT_FRAME_TIME,parent,77850,,50,0,"[1, 5000]"
2026-08-18 10:29:02,shutdown,0x10de:0x2684/nvidia/unknown,CONTENT_FRAME_TIME_VSYNC,parent,81636,,100,1,"[8, 792]"
2026-08-18 10:29:02,shutdown,0x10de:0x2684/nvidia/unknown,CONTENT_FRAME_TIME_WITH_SVG,parent,48842,,50,0,"[1, 5000]"
2026-08-18 10:29:02,shutdown,0x10de:0x2684/nvidia/unknown,CONTENT_FULL_PAINT_TIME,parent,55,,50,0,"[1, 1000]"
2026-08-18 10:29:02,shutdown,0x10de:0x2684/nvidia/unknown,CONTENT_PAINT_TIME,content,0,0,50,0,"[1, 1000]"
2026-08-18 10:29:02,shutdown,0x10de:0x2684/nvidia/unknown,CONTENT_PAINT_TIME,extension,0,0,50,0,"[1, 1000]"
2026-08-18 10:29:02,shutdown,0x10de:0x2684/nvidia/unknown,SCROLL_PRESENT_LATENCY,parent,2249,,100,0,"[1, 20000]"
2026-08-19 01:39:21,shutdown,0x10de:0x2684/nvidia/unknown,COMPOSITE_TIME,parent,847,,50,0,"[1, 1000]"
2026-08-19 01:39:21,shutdown,0x10de:0x2684/nvidia/unknown,CONTENT_FRAME_TIME,parent,40718,,50,0,"[1, 5000]"
2026-08-19 01:39:21,shutdown,0x10de:0x2684/nvidia/unknown,CONTENT_FRAME_TIME_VSYNC,parent,51815,,100,1,"[8, 792]"
2026-08-19 01:39:21,shutdown,0x10de:0x2684/nvidia/unknown,CONTENT_FRAME_TIME_WITH_SVG,parent,47767,,50,0,"[1, 5000]"
2026-08-19 01:39:21,shutdown,0x10de:0x2684/nvidia/unknown,CONTENT_FULL_PAINT_TIME,parent,603,,50,0,"[1, 1000]"
2026-08-19 01:39:21,shutdown,0x10de:0x2684/nvidia/unknown,CONTENT_PAINT_TIME,content,311,,50,0,"[1, 1000]"
2026-08-19 01:39:21,shutdown,0x10de:0x2684/nvidia/unknown,CONTENT_PAINT_TIME,extension,0,0,50,0,"[1, 1000]"
2026-08-19 16:00:00,daily,0x10de:0x2684/nvidia/unknown,CHECKERBOARD_DURATION,parent,30710,,50,0,"[1, 100000]"
2026-08-19 16:00:00,daily,0x10de:0x2684/nvidia/unknown,CHECKERBOARD_PEAK,parent,136929497,,50,0,"[1, 66355200]"
2026-08-19 16:00:00,daily,0x10de:0x2684/nvidia/unknown,CHECKERBOARD_POTENTIAL_DURATION,parent,324382,,50,0,"[1, 1000000]"
2026-08-19 16:00:00,daily,0x10de:0x2684/nvidia/unknown,CHECKERBOARD_SEVERITY,parent,1278251,,50,0,"[1, 1073741824]"
2026-08-19 16:00:00,daily,0x10de:0x2684/nvidia/unknown,COMPOSITE_TIME,parent,598624,,50,0,"[1, 1000]"
2026-08-19 16:00:00,daily,0x10de:0x2684/nvidia/unknown,CONTENT_FRAME_TIME,parent,56344475,,50,0,"[1, 5000]"
2026-08-19 16:00:00,daily,0x10de:0x2684/nvidia/unknown,CONTENT_FRAME_TIME_VSYNC,parent,57097598,,100,1,"[8, 792]"
2026-08-19 16:00:00,daily,0x10de:0x2684/nvidia/unknown,CONTENT_FRAME_TIME_WITH_SVG,parent,53275807,,50,0,"[1, 5000]"
2026-08-19 16:00:00,daily,0x10de:0x2684/nvidia/unknown,CONTENT_FULL_PAINT_TIME,parent,572152,,50,0,"[1, 1000]"
2026-08-19 16:00:00,daily,0x10de:0x2684/nvidia/unknown,CONTENT_PAINT_TIME,content,275312,,50,0,"[1, 1000]"
2026-08-19 16:00:00,daily,0x10de:0x2684/nvidia/unknown,CONTENT_PAINT_TIME,extension,0,0,50,0,"[1, 1000]"
2026-08-19 16:00:00,daily,0x10de:0x2684/nvidia/unknown,SCROLL_PRESENT_LATENCY,parent,240986,,100,0,"[1, 20000]"
2026-08-20 16:00:00,daily,0x10de:0x2684/nvidia/unknown,CHECKERBOARD_DURATION,parent,1640670,,50,0,"[1, 100000]"
2026-08-20 16:00:00,daily,0x10de:0x2684/nvidia/unknown,CHECKERBOARD_PEAK,parent,231017240,,50,0,"[1, 66355200]"
2026-08-20 16:00:00,daily,0x10de:0x2684/nvidia/unknown,CHECKERBOARD_POTENTIAL_DURATION,parent,2136302,,50,0,"[1, 1000000]"
2026-08-20 16:00:00,daily,0x10de:0x2684/nvidia/unknown,CHECKERBOARD_SEVERITY,parent,2300794,,50,0,"[1, 1073741824]"
2026-08-20 16:00:00,daily,0x10de:0x2684/nvidia/unknown,COMPOSITE_TIME,parent,1177949,,50,0,"[1, 1000]"
2026-08-20 16:00:00,daily,0x10de:0x2684/nvidia/unknown,CONTENT_FRAME_TIME,parent,62298990,,50,0,"[1, 5000]"
2026-08-20 16:00:00,daily,0x10de:0x2684/nvidia/unknown,CONTENT_FRAME_TIME_VSYNC,parent,90995847,,100,1,"[8, 792]"
2026-08-20 16:00:00,daily,0x10de:0x2684/nvidia/unknown,CONTENT_FRAME_TIME_WITH_SVG,parent,90786122,,50,0,"[1, 5000]"
2026-08-20 16:00:00,daily,0x10de:0x2684/nvidia/unknown,CONTENT_FULL_PAINT_TIME,parent,873415,,50,0,"[1, 1000]"
2026-08-20 16:00:00,daily,0x10de:0x2684/nvidia/unknown,CONTENT_PAINT_TIME,content,365063,,50,0,"[1, 1000]"
2026-08-20 16:00:00,daily,0x10de:0x2684/nvidia/unknown,SCROLL_PRESENT_LATENCY,parent,362992,,100,0,"[1, 20000]"
2026-08-21 16:00:00,daily,0x10de:0x2684/nvidia/unknown,CHECKERBOARD_DURATION,parent,60086,,50,0,"[1, 100000]"
2026-08-21 16:00:00,daily,0x10de:0x2684/nvidia/unknown,CHECKERBOARD_PEAK,parent,311343049,,50,0,"[1, 66355200]"
2026-08-21 16:00:00,daily,0x10de:0x2684/nvidia/unknown,CHECKERBOARD_POTENTIAL_DURATION,parent,879104,,50,0,"[1, 1000000]"
2026-08-21 16:00:00,daily,0x10de:0x2684/nvidia/unknown,CHECKERBOARD_SEVERITY,parent,2781012,,50,0,"[1, 1073741824]"
2026-08-21 16:00:00,daily,0x10de:0x2684/nvidia/unknown,COMPOSITE_TIME,parent,1188917,,50,0,"[1, 1000]"
2026-08-21 16:00:00,daily,0x10de:0x2684/nvidia/unknown,CONTENT_FRAME_TIME,parent,496145056,,50,0,"[1, 5000]"
2026-08-21 16:00:00,daily,0x10de:0x2684/nvidia/unknown,CONTENT_FRAME_TIME_VSYNC,parent,368000955,,100,1,"[8, 792]"
2026-08-21 16:00:00,daily,0x10de:0x2684/nvidia/unknown,CONTENT_FRAME_TIME_WITH_SVG,parent,260826594,,50,0,"[1, 5000]"
2026-08-21 16:00:00,daily,0x10de:0x2684/nvidia/unknown,CONTENT_FULL_PAINT_TIME,parent,1047644,,50,0,"[1, 1000]"
2026-08-21 16:00:00,daily,0x10de:0x2684/nvidia/unknown,CONTENT_PAINT_TIME,content,517558,,50,0,"[1, 1000]"
2026-08-21 16:00:00,daily,0x10de:0x2684/nvidia/unknown,CONTENT_PAINT_TIME,extension,0,0,50,0,"[1, 1000]"
2026-08-21 16:00:00,daily,0x10de:0x2684/nvidia/unknown,SCROLL_PRESENT_LATENCY,parent,517030,,100,0,"[1, 20000]"
2026-08-22 16:00:00,daily,0x10de:0x2684/nvidia/unknown,CHECKERBOARD_DURATION,parent,528322,,50,0,"[1, 100000]"
2026-08-22 16:00:00,daily,0x10de:0x2684/nvidia/unknown,CHECKERBOARD_PEAK,parent,35483817,,50,0,"[1, 66355200]"
2026-08-22 16:00:00,daily,0x10de:0x2684/nvidia/unknown,CHECKERBOARD_POTENTIAL_DURATION,parent,772338,,50,0,"[1, 1000000]"
2026-08-22 16:00:00,daily,0x10de:0x2684/nvidia/unknown,CHECKERBOARD_SEVERITY,parent,1420332,,50,0,"[1, 1073741824]"
2026-08-22 16:00:00,daily,0x10de:0x2684/nvidia/unknown,COMPOSITE_TIME,parent,254863,,50,0,"[1, 1000]"
2026-08-22 16:00:00,daily,0x10de:0x2684/nvidia/unknown,CONTENT_FRAME_TIME,parent,16603807,,50,0,"[1, 5000]"
2026-08-22 16:00:00,daily,0x10de:0x2684/nvidia/unknown,CONTENT_FRAME_TIME_VSYNC,parent,20359564,,100,1,"[8, 792]"
2026-08-22 16:00:00,daily,0x10de:0x2684/nvidia/unknown,CONTENT_FRAME_TIME_WITH_SVG,parent,20228897,,50,0,"[1, 5000]"
2026-08-22 16:00:00,daily,0x10de:0x2684/nvidia/unknown,CONTENT_FULL_PAINT_TIME,parent,181189,,50,0,"[1, 1000]"
2026-08-22 16:00:00,daily,0x10de:0x2684/nvidia/unknown,CONTENT_PAINT_TIME,content,60163,,50,0,"[1, 1000]"
2026-08-22 16:00:00,daily,0x10de:0x2684/nvidia/unknown,SCROLL_PRESENT_LATENCY,parent,88197,,100,0,"[1, 20000]"
2026-08-23 16:00:00,daily,0x10de:0x2684/nvidia/unknown,COMPOSITE_TIME,parent,3363,,50,0,"[1, 1000]"
2026-08-23 16:00:00,daily,0x10de:0x2684/nvidia/unknown,CONTENT_FRAME_TIME,parent,96,,50,0,"[1, 5000]"
2026-08-23 16:00:00,daily,0x10de:0x2684/nvidia/unknown,CONTENT_FULL_PAINT_TIME,parent,1,,50,0,"[1, 1000]"
2026-08-23 16:00:00,daily,0x10de:0x2684/nvidia/unknown,CONTENT_PAINT_TIME,content,0,0,50,0,"[1, 1000]"
2026-08-24 16:00:00,daily,0x10de:0x2684/nvidia/unknown,CHECKERBOARD_DURATION,parent,22421,,50,0,"[1, 100000]"
2026-08-24 16:00:00,daily,0x10de:0x2684/nvidia/unknown,CHECKERBOARD_PEAK,parent,115445864,,50,0,"[1, 66355200]"
2026-08-24 16:00:00,daily,0x10de:0x2684/nvidia/unknown,CHECKERBOARD_POTENTIAL_DURATION,parent,527175,,50,0,"[1, 1000000]"
2026-08-24 16:00:00,daily,0x10de:0x2684/nvidia/unknown,CHECKERBOARD_SEVERITY,parent,1099736,,50,0,"[1, 1073741824]"
2026-08-24 16:00:00,daily,0x10de:0x2684/nvidia/unknown,COMPOSITE_TIME,parent,1330922,,50,0,"[1, 1000]"
2026-08-24 16:00:00,daily,0x10de:0x2684/nvidia/unknown,CONTENT_FRAME_TIME,parent,4965759213,,50,0,"[1, 5000]"
2026-08-24 16:00:00,daily,0x10de:0x2684/nvidia/unknown,CONTENT_FRAME_TIME_VSYNC,parent,220531461,,100,1,"[8, 792]"
2026-08-24 16:00:00,daily,0x10de:0x2684/nvidia/unknown,CONTENT_FRAME_TIME_WITH_SVG,parent,161786878,,50,0,"[1, 5000]"
2026-08-24 16:00:00,daily,0x10de:0x2684/nvidia/unknown,CONTENT_FULL_PAINT_TIME,parent,1007941,,50,0,"[1, 1000]"
2026-08-24 16:00:00,daily,0x10de:0x2684/nvidia/unknown,CONTENT_PAINT_TIME,content,512597,,50,0,"[1, 1000]"
2026-08-24 16:00:00,daily,0x10de:0x2684/nvidia/unknown,SCROLL_PRESENT_LATENCY,parent,293708,,100,0,"[1, 20000]"
2026-08-25 16:00:00,daily,0x10de:0x2684/nvidia/unknown,CHECKERBOARD_DURATION,parent,38737,,50,0,"[1, 100000]"
2026-08-25 16:00:00,daily,0x10de:0x2684/nvidia/unknown,CHECKERBOARD_PEAK,parent,188411876,,50,0,"[1, 66355200]"
2026-08-25 16:00:00,daily,0x10de:0x2684/nvidia/unknown,CHECKERBOARD_POTENTIAL_DURATION,parent,450163,,50,0,"[1, 1000000]"
2026-08-25 16:00:00,daily,0x10de:0x2684/nvidia/unknown,CHECKERBOARD_SEVERITY,parent,1788996,,50,0,"[1, 1073741824]"
2026-08-25 16:00:00,daily,0x10de:0x2684/nvidia/unknown,COMPOSITE_TIME,parent,5465189,,50,0,"[1, 1000]"
2026-08-25 16:00:00,daily,0x10de:0x2684/nvidia/unknown,CONTENT_FRAME_TIME,parent,1437019079,,50,0,"[1, 5000]"
2026-08-25 16:00:00,daily,0x10de:0x2684/nvidia/unknown,CONTENT_FRAME_TIME_VSYNC,parent,1352329282,,100,1,"[8, 792]"
2026-08-25 16:00:00,daily,0x10de:0x2684/nvidia/unknown,CONTENT_FRAME_TIME_WITH_SVG,parent,544820520,,50,0,"[1, 5000]"
2026-08-25 16:00:00,daily,0x10de:0x2684/nvidia/unknown,CONTENT_FULL_PAINT_TIME,parent,1305445,,50,0,"[1, 1000]"
2026-08-25 16:00:00,daily,0x10de:0x2684/nvidia/unknown,CONTENT_PAINT_TIME,content,660939,,50,0,"[1, 1000]"
2026-08-25 16:00:00,daily,0x10de:0x2684/nvidia/unknown,SCROLL_PRESENT_LATENCY,parent,341716,,100,0,"[1, 20000]"
2026-08-26 16:00:00,daily,0x10de:0x2684/nvidia/unknown,CHECKERBOARD_DURATION,parent,27137,,50,0,"[1, 100000]"
2026-08-26 16:00:00,daily,0x10de:0x2684/nvidia/unknown,CHECKERBOARD_PEAK,parent,154675851,,50,0,"[1, 66355200]"
2026-08-26 16:00:00,daily,0x10de:0x2684/nvidia/unknown,CHECKERBOARD_POTENTIAL_DURATION,parent,550019,,50,0,"[1, 1000000]"
2026-08-26 16:00:00,daily,0x10de:0x2684/nvidia/unknown,CHECKERBOARD_SEVERITY,parent,1328754,,50,0,"[1, 1073741824]"
2026-08-26 16:00:00,daily,0x10de:0x2684/nvidia/unknown,COMPOSITE_TIME,parent,9211302,,50,0,"[1, 1000]"
2026-08-26 16:00:00,daily,0x10de:0x2684/nvidia/unknown,CONTENT_FRAME_TIME,parent,2873287987,,50,0,"[1, 5000]"
2026-08-26 16:00:00,daily,0x10de:0x2684/nvidia/unknown,CONTENT_FRAME_TIME_VSYNC,parent,1134678659,,100,1,"[8, 792]"
2026-08-26 16:00:00,daily,0x10de:0x2684/nvidia/unknown,CONTENT_FRAME_TIME_WITH_SVG,parent,426966003,,50,0,"[1, 5000]"
2026-08-26 16:00:00,daily,0x10de:0x2684/nvidia/unknown,CONTENT_FULL_PAINT_TIME,parent,534752,,50,0,"[1, 1000]"
2026-08-26 16:00:00,daily,0x10de:0x2684/nvidia/unknown,CONTENT_PAINT_TIME,content,238305,,50,0,"[1, 1000]"
2026-08-26 16:00:00,daily,0x10de:0x2684/nvidia/unknown,SCROLL_PRESENT_LATENCY,parent,362260,,100,0,"[1, 20000]"
2026-08-27 16:00:00,daily,0x10de:0x2684/nvidia/unknown,CHECKERBOARD_DURATION,parent,40334,,50,0,"[1, 100000]"
2026-08-27 16:00:00,daily,0x10de:0x2684/nvidia/unknown,CHECKERBOARD_PEAK,parent,189992683,,50,0,"[1, 66355200]"
2026-08-27 16:00:00,daily,0x10de:0x2684/nvidia/unknown,CHECKERBOARD_POTENTIAL_DURATION,parent,344993,,50,0,"[1, 1000000]"
2026-08-27 16:00:00,daily,0x10de:0x2684/nvidia/unknown,CHECKERBOARD_SEVERITY,parent,1731461,,50,0,"[1, 1073741824]"
2026-08-27 16:00:00,daily,0x10de:0x2684/nvidia/unknown,COMPOSITE_TIME,parent,3426049,,50,0,"[1, 1000]"
2026-08-27 16:00:00,daily,0x10de:0x2684/nvidia/unknown,CONTENT_FRAME_TIME,parent,4586249420,,50,0,"[1, 5000]"
2026-08-27 16:00:00,daily,0x10de:0x2684/nvidia/unknown,CONTENT_FRAME_TIME_VSYNC,parent,2548976306,,100,1,"[8, 792]"
2026-08-27 16:00:00,daily,0x10de:0x2684/nvidia/unknown,CONTENT_FRAME_TIME_WITH_SVG,parent,1460568364,,50,0,"[1, 5000]"
2026-08-27 16:00:00,daily,0x10de:0x2684/nvidia/unknown,CONTENT_FULL_PAINT_TIME,parent,1339095,,50,0,"[1, 1000]"
2026-08-27 16:00:00,daily,0x10de:0x2684/nvidia/unknown,CONTENT_PAINT_TIME,content,702433,,50,0,"[1, 1000]"
2026-08-27 16:00:00,daily,0x10de:0x2684/nvidia/unknown,SCROLL_PRESENT_LATENCY,parent,281666,,100,0,"[1, 20000]"
2026-08-28 16:00:00,daily,0x10de:0x2684/nvidia/unknown,CHECKERBOARD_DURATION,parent,41109,,50,0,"[1, 100000]"
2026-08-28 16:00:00,daily,0x10de:0x2684/nvidia/unknown,CHECKERBOARD_PEAK,parent,272696325,,50,0,"[1, 66355200]"
2026-08-28 16:00:00,daily,0x10de:0x2684/nvidia/unknown,CHECKERBOARD_POTENTIAL_DURATION,parent,384729,,50,0,"[1, 1000000]"
2026-08-28 16:00:00,daily,0x10de:0x2684/nvidia/unknown,CHECKERBOARD_SEVERITY,parent,2115720,,50,0,"[1, 1073741824]"
2026-08-28 16:00:00,daily,0x10de:0x2684/nvidia/unknown,COMPOSITE_TIME,parent,1438780,,50,0,"[1, 1000]"
2026-08-28 16:00:00,daily,0x10de:0x2684/nvidia/unknown,CONTENT_FRAME_TIME,parent,121353656,,50,0,"[1, 5000]"
2026-08-28 16:00:00,daily,0x10de:0x2684/nvidia/unknown,CONTENT_FRAME_TIME_VSYNC,parent,141608485,,100,1,"[8, 792]"
2026-08-28 16:00:00,daily,0x10de:0x2684/nvidia/unknown,CONTENT_FRAME_TIME_WITH_SVG,parent,141286914,,50,0,"[1, 5000]"
2026-08-28 16:00:00,daily,0x10de:0x2684/nvidia/unknown,CONTENT_FULL_PAINT_TIME,parent,1669061,,50,0,"[1, 1000]"
2026-08-28 16:00:00,daily,0x10de:0x2684/nvidia/unknown,CONTENT_PAINT_TIME,content,813114,,50,0,"[1, 1000]"
2026-08-28 16:00:00,daily,0x10de:0x2684/nvidia/unknown,SCROLL_PRESENT_LATENCY,parent,320366,,100,0,"[1, 20000]"
2026-09-01 16:00:00,daily,0x10de:0x2684/nvidia/unknown,CHECKERBOARD_DURATION,parent,23656,,50,0,"[1, 100000]"
2026-09-01 16:00:00,daily,0x10de:0x2684/nvidia/unknown,CHECKERBOARD_PEAK,parent,246043191,,50,0,"[1, 66355200]"
2026-09-01 16:00:00,daily,0x10de:0x2684/nvidia/unknown,CHECKERBOARD_POTENTIAL_DURATION,parent,433122,,50,0,"[1, 1000000]"
2026-09-01 16:00:00,daily,0x10de:0x2684/nvidia/unknown,CHECKERBOARD_SEVERITY,parent,1728912,,50,0,"[1, 1073741824]"
2026-09-01 16:00:00,daily,0x10de:0x2684/nvidia/unknown,COMPOSITE_TIME,parent,2444760,,50,0,"[1, 1000]"
2026-09-01 16:00:00,daily,0x10de:0x2684/nvidia/unknown,CONTENT_FRAME_TIME,parent,9530963135,,50,0,"[1, 5000]"
2026-09-01 16:00:00,daily,0x10de:0x2684/nvidia/unknown,CONTENT_FRAME_TIME_VSYNC,parent,11433101323,,100,1,"[8, 792]"
2026-09-01 16:00:00,daily,0x10de:0x2684/nvidia/unknown,CONTENT_FRAME_TIME_WITH_SVG,parent,7658172572,,50,0,"[1, 5000]"
2026-09-01 16:00:00,daily,0x10de:0x2684/nvidia/unknown,CONTENT_FULL_PAINT_TIME,parent,1708884,,50,0,"[1, 1000]"
2026-09-01 16:00:00,daily,0x10de:0x2684/nvidia/unknown,CONTENT_PAINT_TIME,content,847540,,50,0,"[1, 1000]"
2026-09-01 16:00:00,daily,0x10de:0x2684/nvidia/unknown,SCROLL_PRESENT_LATENCY,parent,271058,,100,0,"[1, 20000]"
2026-09-02 16:00:00,daily,0x10de:0x2684/nvidia/unknown,CHECKERBOARD_DURATION,parent,13573,,50,0,"[1, 100000]"
2026-09-02 16:00:00,daily,0x10de:0x2684/nvidia/unknown,CHECKERBOARD_PEAK,parent,99082818,,50,0,"[1, 66355200]"
2026-09-02 16:00:00,daily,0x10de:0x2684/nvidia/unknown,CHECKERBOARD_POTENTIAL_DURATION,parent,347327,,50,0,"[1, 1000000]"
2026-09-02 16:00:00,daily,0x10de:0x2684/nvidia/unknown,CHECKERBOARD_SEVERITY,parent,797196,,50,0,"[1, 1073741824]"
2026-09-02 16:00:00,daily,0x10de:0x2684/nvidia/unknown,COMPOSITE_TIME,parent,2049500,,50,0,"[1, 1000]"
2026-09-02 16:00:00,daily,0x10de:0x2684/nvidia/unknown,CONTENT_FRAME_TIME,parent,119431272,,50,0,"[1, 5000]"
2026-09-02 16:00:00,daily,0x10de:0x2684/nvidia/unknown,CONTENT_FRAME_TIME_VSYNC,parent,132052808,,100,1,"[8, 792]"
2026-09-02 16:00:00,daily,0x10de:0x2684/nvidia/unknown,CONTENT_FRAME_TIME_WITH_SVG,parent,129144604,,50,0,"[1, 5000]"
2026-09-02 16:00:00,daily,0x10de:0x2684/nvidia/unknown,CONTENT_FULL_PAINT_TIME,parent,1834551,,50,0,"[1, 1000]"
2026-09-02 16:00:00,daily,0x10de:0x2684/nvidia/unknown,CONTENT_PAINT_TIME,content,1006590,,50,0,"[1, 1000]"
2026-09-02 16:00:00,daily,0x10de:0x2684/nvidia/unknown,SCROLL_PRESENT_LATENCY,parent,202066,,100,0,"[1, 20000]"
2026-09-03 16:00:00,daily,0x10de:0x2684/nvidia/unknown,CHECKERBOARD_DURATION,parent,29635,,50,0,"[1, 100000]"
2026-09-03 16:00:00,daily,0x10de:0x2684/nvidia/unknown,CHECKERBOARD_PEAK,parent,205901406,,50,0,"[1, 66355200]"
2026-09-03 16:00:00,daily,0x10de:0x2684/nvidia/unknown,CHECKERBOARD_POTENTIAL_DURATION,parent,462382,,50,0,"[1, 1000000]"
2026-09-03 16:00:00,daily,0x10de:0x2684/nvidia/unknown,CHECKERBOARD_SEVERITY,parent,1603989,,50,0,"[1, 1073741824]"
2026-09-03 16:00:00,daily,0x10de:0x2684/nvidia/unknown,COMPOSITE_TIME,parent,3829524,,50,0,"[1, 1000]"
2026-09-03 16:00:00,daily,0x10de:0x2684/nvidia/unknown,CONTENT_FRAME_TIME,parent,636134856,,50,0,"[1, 5000]"
2026-09-03 16:00:00,daily,0x10de:0x2684/nvidia/unknown,CONTENT_FRAME_TIME_VSYNC,parent,95510028,,100,1,"[8, 792]"
2026-09-03 16:00:00,daily,0x10de:0x2684/nvidia/unknown,CONTENT_FRAME_TIME_WITH_SVG,parent,93414039,,50,0,"[1, 5000]"
2026-09-03 16:00:00,daily,0x10de:0x2684/nvidia/unknown,CONTENT_FULL_PAINT_TIME,parent,1814972,,50,0,"[1, 1000]"
2026-09-03 16:00:00,daily,0x10de:0x2684/nvidia/unknown,CONTENT_PAINT_TIME,content,742895,,50,0,"[1, 1000]"
2026-09-03 16:00:00,daily,0x10de:0x2684/nvidia/unknown,SCROLL_PRESENT_LATENCY,parent,338413,,100,0,"[1, 20000]"
2026-09-04 16:00:00,daily,0x10de:0x2684/nvidia/unknown,COMPOSITE_TIME,parent,5992333,,50,0,"[1, 1000]"
2026-09-04 16:00:00,daily,0x10de:0x2684/nvidia/unknown,CONTENT_FRAME_TIME,parent,25651469,,50,0,"[1, 5000]"
2026-09-04 16:00:00,daily,0x10de:0x2684/nvidia/unknown,CONTENT_FRAME_TIME_VSYNC,parent,41516019,,100,1,"[8, 792]"
2026-09-04 16:00:00,daily,0x10de:0x2684/nvidia/unknown,CONTENT_FRAME_TIME_WITH_SVG,parent,41515907,,50,0,"[1, 5000]"
2026-09-04 16:00:00,daily,0x10de:0x2684/nvidia/unknown,CONTENT_FULL_PAINT_TIME,parent,1016123,,50,0,"[1, 1000]"
2026-09-04 16:00:00,daily,0x10de:0x2684/nvidia/unknown,CONTENT_PAINT_TIME,content,0,0,50,0,"[1, 1000]"
2026-09-05 16:00:00,daily,0x10de:0x2684/nvidia/unknown,CHECKERBOARD_DURATION,parent,32476,,50,0,"[1, 100000]"
2026-09-05 16:00:00,daily,0x10de:0x2684/nvidia/unknown,CHECKERBOARD_PEAK,parent,215039160,,50,0,"[1, 66355200]"
2026-09-05 16:00:00,daily,0x10de:0x2684/nvidia/unknown,CHECKERBOARD_POTENTIAL_DURATION,parent,487545,,50,0,"[1, 1000000]"
2026-09-05 16:00:00,daily,0x10de:0x2684/nvidia/unknown,CHECKERBOARD_SEVERITY,parent,1856078,,50,0,"[1, 1073741824]"
2026-09-05 16:00:00,daily,0x10de:0x2684/nvidia/unknown,COMPOSITE_TIME,parent,3748617,,50,0,"[1, 1000]"
2026-09-05 16:00:00,daily,0x10de:0x2684/nvidia/unknown,CONTENT_FRAME_TIME,parent,5365272063,,50,0,"[1, 5000]"
2026-09-05 16:00:00,daily,0x10de:0x2684/nvidia/unknown,CONTENT_FRAME_TIME_VSYNC,parent,5397635586,,100,1,"[8, 792]"
2026-09-05 16:00:00,daily,0x10de:0x2684/nvidia/unknown,CONTENT_FRAME_TIME_WITH_SVG,parent,2639401682,,50,0,"[1, 5000]"
2026-09-05 16:00:00,daily,0x10de:0x2684/nvidia/unknown,CONTENT_FULL_PAINT_TIME,parent,2160080,,50,0,"[1, 1000]"
2026-09-05 16:00:00,daily,0x10de:0x2684/nvidia/unknown,CONTENT_PAINT_TIME,content,677575,,50,0,"[1, 1000]"
2026-09-05 16:00:00,daily,0x10de:0x2684/nvidia/unknown,SCROLL_PRESENT_LATENCY,parent,363411,,100,0,"[1, 20000]"
2026-09-06 16:00:00,daily,0x10de:0x2684/nvidia/unknown,COMPOSITE_TIME,parent,4600814,,50,0,"[1, 1000]"
2026-09-06 16:00:00,daily,0x10de:0x2684/nvidia/unknown,CONTENT_FRAME_TIME,parent,553558229,,50,0,"[1, 5000]"
2026-09-06 16:00:00,daily,0x10de:0x2684/nvidia/unknown,CONTENT_FRAME_TIME_VSYNC,parent,564107376,,100,1,"[8, 792]"
2026-09-06 16:00:00,daily,0x10de:0x2684/nvidia/unknown,CONTENT_FRAME_TIME_WITH_SVG,parent,564107258,,50,0,"[1, 5000]"
2026-09-06 16:00:00,daily,0x10de:0x2684/nvidia/unknown,CONTENT_FULL_PAINT_TIME,parent,3828595,,50,0,"[1, 1000]"
2026-09-06 16:00:00,daily,0x10de:0x2684/nvidia/unknown,CONTENT_PAINT_TIME,content,81494,,50,0,"[1, 1000]"
2026-09-07 16:00:00,daily,0x10de:0x2684/nvidia/unknown,CHECKERBOARD_DURATION,parent,24279,,50,0,"[1, 100000]"
2026-09-07 16:00:00,daily,0x10de:0x2684/nvidia/unknown,CHECKERBOARD_PEAK,parent,173027373,,50,0,"[1, 66355200]"
2026-09-07 16:00:00,daily,0x10de:0x2684/nvidia/unknown,CHECKERBOARD_POTENTIAL_DURATION,parent,365395,,50,0,"[1, 1000000]"
2026-09-07 16:00:00,daily,0x10de:0x2684/nvidia/unknown,CHECKERBOARD_SEVERITY,parent,1390032,,50,0,"[1, 1073741824]"
2026-09-07 16:00:00,daily,0x10de:0x2684/nvidia/unknown,COMPOSITE_TIME,parent,5232359,,50,0,"[1, 1000]"
2026-09-07 16:00:00,daily,0x10de:0x2684/nvidia/unknown,CONTENT_FRAME_TIME,parent,582820754,,50,0,"[1, 5000]"
2026-09-07 16:00:00,daily,0x10de:0x2684/nvidia/unknown,CONTENT_FRAME_TIME_VSYNC,parent,627004434,,100,1,"[8, 792]"
2026-09-07 16:00:00,daily,0x10de:0x2684/nvidia/unknown,CONTENT_FRAME_TIME_WITH_SVG,parent,550321271,,50,0,"[1, 5000]"
2026-09-07 16:00:00,daily,0x10de:0x2684/nvidia/unknown,CONTENT_FULL_PAINT_TIME,parent,5693517,,50,0,"[1, 1000]"
2026-09-07 16:00:00,daily,0x10de:0x2684/nvidia/unknown,CONTENT_PAINT_TIME,content,2175851,,50,0,"[1, 1000]"
2026-09-07 16:00:00,daily,0x10de:0x2684/nvidia/unknown,SCROLL_PRESENT_LATENCY,parent,268609,,100,0,"[1, 20000]"
2026-09-08 16:00:00,daily,0x10de:0x2684/nvidia/unknown,CHECKERBOARD_DURATION,parent,11208,,50,0,"[1, 100000]"
2026-09-08 16:00:00,daily,0x10de:0x2684/nvidia/unknown,CHECKERBOARD_PEAK,parent,109589304,,50,0,"[1, 66355200]"
2026-09-08 16:00:00,daily,0x10de:0x2684/nvidia/unknown,CHECKERBOARD_POTENTIAL_DURATION,parent,423147,,50,0,"[1, 1000000]"
2026-09-08 16:00:00,daily,0x10de:0x2684/nvidia/unknown,CHECKERBOARD_SEVERITY,parent,807255,,50,0,"[1, 1073741824]"
2026-09-08 16:00:00,daily,0x10de:0x2684/nvidia/unknown,COMPOSITE_TIME,parent,4852222,,50,0,"[1, 1000]"
2026-09-08 16:00:00,daily,0x10de:0x2684/nvidia/unknown,CONTENT_FRAME_TIME,parent,280909643,,50,0,"[1, 5000]"
2026-09-08 16:00:00,daily,0x10de:0x2684/nvidia/unknown,CONTENT_FRAME_TIME_VSYNC,parent,308531675,,100,1,"[8, 792]"
2026-09-08 16:00:00,daily,0x10de:0x2684/nvidia/unknown,CONTENT_FRAME_TIME_WITH_SVG,parent,305283088,,50,0,"[1, 5000]"
2026-09-08 16:00:00,daily,0x10de:0x2684/nvidia/unknown,CONTENT_FULL_PAINT_TIME,parent,5624694,,50,0,"[1, 1000]"
2026-09-08 16:00:00,daily,0x10de:0x2684/nvidia/unknown,CONTENT_PAINT_TIME,content,2704593,,50,0,"[1, 1000]"
2026-09-08 16:00:00,daily,0x10de:0x2684/nvidia/unknown,SCROLL_PRESENT_LATENCY,parent,241880,,100,0,"[1, 20000]"
2026-09-09 16:00:00,daily,0x10de:0x2684/nvidia/unknown,CHECKERBOARD_DURATION,parent,1065,,50,0,"[1, 100000]"
2026-09-09 16:00:00,daily,0x10de:0x2684/nvidia/unknown,CHECKERBOARD_PEAK,parent,9097282,,50,0,"[1, 66355200]"
2026-09-09 16:00:00,daily,0x10de:0x2684/nvidia/unknown,CHECKERBOARD_POTENTIAL_DURATION,parent,27269,,50,0,"[1, 1000000]"
2026-09-09 16:00:00,daily,0x10de:0x2684/nvidia/unknown,CHECKERBOARD_SEVERITY,parent,62674,,50,0,"[1, 1073741824]"
2026-09-09 16:00:00,daily,0x10de:0x2684/nvidia/unknown,COMPOSITE_TIME,parent,2941839,,50,0,"[1, 1000]"
2026-09-09 16:00:00,daily,0x10de:0x2684/nvidia/unknown,CONTENT_FRAME_TIME,parent,323528152,,50,0,"[1, 5000]"
2026-09-09 16:00:00,daily,0x10de:0x2684/nvidia/unknown,CONTENT_FRAME_TIME_VSYNC,parent,330563562,,100,1,"[8, 792]"
2026-09-09 16:00:00,daily,0x10de:0x2684/nvidia/unknown,CONTENT_FRAME_TIME_WITH_SVG,parent,329720995,,50,0,"[1, 5000]"
2026-09-09 16:00:00,daily,0x10de:0x2684/nvidia/unknown,CONTENT_FULL_PAINT_TIME,parent,3186062,,50,0,"[1, 1000]"
2026-09-09 16:00:00,daily,0x10de:0x2684/nvidia/unknown,CONTENT_PAINT_TIME,content,1253573,,50,0,"[1, 1000]"
2026-09-09 16:00:00,daily,0x10de:0x2684/nvidia/unknown,SCROLL_PRESENT_LATENCY,parent,16047,,100,0,"[1, 20000]"
2026-09-10 16:00:00,daily,0x10de:0x2684/nvidia/unknown,COMPOSITE_TIME,parent,4986908,,50,0,"[1, 1000]"
2026-09-10 16:00:00,daily,0x10de:0x2684/nvidia/unknown,CONTENT_FRAME_TIME,parent,560227763,,50,0,"[1, 5000]"
2026-09-10 16:00:00,daily,0x10de:0x2684/nvidia/unknown,CONTENT_FRAME_TIME_VSYNC,parent,569834534,,100,1,"[8, 792]"
2026-09-10 16:00:00,daily,0x10de:0x2684/nvidia/unknown,CONTENT_FRAME_TIME_WITH_SVG,parent,569834534,,50,0,"[1, 5000]"
2026-09-10 16:00:00,daily,0x10de:0x2684/nvidia/unknown,CONTENT_FULL_PAINT_TIME,parent,5460798,,50,0,"[1, 1000]"
2026-09-10 16:00:00,daily,0x10de:0x2684/nvidia/unknown,CONTENT_PAINT_TIME,content,2160365,,50,0,"[1, 1000]"
2026-09-11 16:00:00,daily,0x10de:0x2684/nvidia/unknown,CHECKERBOARD_DURATION,parent,24908,,50,0,"[1, 100000]"
2026-09-11 16:00:00,daily,0x10de:0x2684/nvidia/unknown,CHECKERBOARD_PEAK,parent,241634675,,50,0,"[1, 66355200]"
2026-09-11 16:00:00,daily,0x10de:0x2684/nvidia/unknown,CHECKERBOARD_POTENTIAL_DURATION,parent,499652,,50,0,"[1, 1000000]"
2026-09-11 16:00:00,daily,0x10de:0x2684/nvidia/unknown,CHECKERBOARD_SEVERITY,parent,1613851,,50,0,"[1, 1073741824]"
2026-09-11 16:00:00,daily,0x10de:0x2684/nvidia/unknown,COMPOSITE_TIME,parent,3581539,,50,0,"[1, 1000]"
2026-09-11 16:00:00,daily,0x10de:0x2684/nvidia/unknown,CONTENT_FRAME_TIME,parent,335820422,,50,0,"[1, 5000]"
2026-09-11 16:00:00,daily,0x10de:0x2684/nvidia/unknown,CONTENT_FRAME_TIME_VSYNC,parent,356022390,,100,1,"[8, 792]"
2026-09-11 16:00:00,daily,0x10de:0x2684/nvidia/unknown,CONTENT_FRAME_TIME_WITH_SVG,parent,348250823,,50,0,"[1, 5000]"
2026-09-11 16:00:00,daily,0x10de:0x2684/nvidia/unknown,CONTENT_FULL_PAINT_TIME,parent,3600324,,50,0,"[1, 1000]"
2026-09-11 16:00:00,daily,0x10de:0x2684/nvidia/unknown,CONTENT_PAINT_TIME,content,1545725,,50,0,"[1, 1000]"
2026-09-11 16:00:00,daily,0x10de:0x2684/nvidia/unknown,SCROLL_PRESENT_LATENCY,parent,358109,,100,0,"[1, 20000]"
2026-09-12 06:24:11,aborted-session,0x10de:0x2684/nvidia/unknown,CHECKERBOARD_DURATION,parent,11969,,50,0,"[1, 100000]"
2026-09-12 06:24:11,aborted-session,0x10de:0x2684/nvidia/unknown,CHECKERBOARD_PEAK,parent,95032640,,50,0,"[1, 66355200]"
2026-09-12 06:24:11,aborted-session,0x10de:0x2684/nvidia/unknown,CHECKERBOARD_POTENTIAL_DURATION,parent,209389,,50,0,"[1, 1000000]"
2026-09-12 06:24:11,aborted-session,0x10de:0x2684/nvidia/unknown,CHECKERBOARD_SEVERITY,parent,703423,,50,0,"[1, 1073741824]"
2026-09-12 06:24:11,aborted-session,0x10de:0x2684/nvidia/unknown,COMPOSITE_TIME,parent,1512541,,50,0,"[1, 1000]"
2026-09-12 06:24:11,aborted-session,0x10de:0x2684/nvidia/unknown,CONTENT_FRAME_TIME,parent,71043048,,50,0,"[1, 5000]"
2026-09-12 06:24:11,aborted-session,0x10de:0x2684/nvidia/unknown,CONTENT_FRAME_TIME_VSYNC,parent,82200400,,100,1,"[8, 792]"
2026-09-12 06:24:11,aborted-session,0x10de:0x2684/nvidia/unknown,CONTENT_FRAME_TIME_WITH_SVG,parent,74906546,,50,0,"[1, 5000]"
2026-09-12 06:24:11,aborted-session,0x10de:0x2684/nvidia/unknown,CONTENT_FULL_PAINT_TIME,parent,1285291,,50,0,"[1, 1000]"
2026-09-12 06:24:11,aborted-session,0x10de:0x2684/nvidia/unknown,CONTENT_PAINT_TIME,content,767761,,50,0,"[1, 1000]"
2026-09-12 06:24:11,aborted-session,0x10de:0x2684/nvidia/unknown,SCROLL_PRESENT_LATENCY,parent,195651,,100,0,"[1, 20000]"
